"","skid","celltype","cilia","avg_cil_length","avg_cil_pocket_depth","centrioles","mitochondria","incoming_syn","outgoing_syn","polyadicity","upstream_celltypes","downstream_celltypes"
"1",4018714,"balancer",1,NA,NA,NA,7,2,0,NA,"SSN",""
"2",4018718,"balancer",1,NA,NA,NA,NA,0,0,NA,"",""
"3",4018412,"balancer",1,NA,NA,NA,NA,0,0,NA,"",""
"4",4018395,"balancer",1,NA,NA,NA,NA,1,0,NA,"SSN",""
"5",4018378,"balancer",1,NA,NA,NA,NA,0,0,NA,"",""
"6",4018371,"balancer",1,NA,NA,NA,NA,0,0,NA,"",""
"7",4018485,"balancer",1,NA,NA,NA,NA,1,0,NA,"",""
"8",4018740,"biciliated",2,3125.5,0,NA,6,0,0,NA,"",""
"9",4018775,"plumose",3,2775.66666666667,0,0,NA,0,0,NA,"",""
"10",4018362,"biciliated",2,3732,0,0,7,2,0,NA,"SSN",""
"11",4019221,"SSN",0,NA,NA,NA,249,52,164,1.64024390243902,"SSN, bridge","SSN, nonciliated, monociliated, epithelial_floor, dense_vesicle, Cgroove, bridge, biciliated, balancer"
"12",4018450,"monociliated",1,2806,0,NA,NA,2,0,NA,"SSN",""
"13",4018477,"monociliated",1,3111,0,NA,6,1,0,NA,"SSN",""
"14",4018677,"nonciliated",0,NA,NA,NA,7,2,0,NA,"SSN",""
"15",4018681,"bridge",0,NA,NA,0,22,9,6,1,"SSN","SSN"
"16",4018699,"intra-multi-ciliated",21,8643.18181818182,8478.04545454545,NA,18,0,0,NA,"",""
"17",4018707,"monociliated",1,2105,0,NA,NA,2,0,NA,"SSN",""
"18",4018713,"nonciliated",0,NA,NA,NA,NA,0,0,NA,"",""
"19",4018290,"plumose",2,2542.5,0,1,8,0,0,NA,"",""
"20",4018303,"biciliated",2,2033.5,0,0,NA,0,0,NA,"",""
"21",4018319,"monociliated",1,2703,0,NA,NA,0,0,NA,"",""
"22",4018342,"lamellate",20,4570.7,4479.6,NA,NA,0,0,NA,"",""
"23",4018351,"lamellate",23,4531.4347826087,4467.91304347826,NA,28,0,0,NA,"",""
"24",4018358,"large_granular_cell",0,NA,NA,NA,6,0,0,NA,"",""
"25",4018377,"nonciliated",0,NA,NA,NA,NA,2,0,NA,"SSN",""
"26",4018385,"monociliated",1,4538,0,NA,NA,3,0,NA,"SSN",""
"27",4018393,"monociliated",1,2590,0,NA,NA,0,0,NA,"",""
"28",4018400,"balancer",1,NA,NA,NA,8,1,0,NA,"SSN",""
"29",4018402,"balancer",1,NA,NA,NA,NA,1,0,NA,"SSN",""
"30",4018405,"balancer",1,NA,NA,NA,NA,1,0,NA,"SSN",""
"31",4018411,"balancer",1,NA,NA,NA,NA,2,0,NA,"SSN",""
"32",4018414,"balancer",1,NA,NA,NA,NA,0,0,NA,"",""
"33",4018417,"balancer",1,NA,NA,NA,NA,0,0,NA,"",""
"34",4018419,"balancer",1,NA,NA,NA,NA,0,0,NA,"",""
"35",4018447,"balancer",1,NA,NA,NA,NA,0,0,NA,"",""
"36",4018458,"balancer",1,NA,NA,NA,NA,0,0,NA,"",""
"37",4018461,"balancer",1,NA,NA,NA,NA,1,0,NA,"SSN",""
"38",4018469,"balancer",1,NA,NA,NA,NA,0,0,NA,"",""
"39",4018474,"balancer",1,NA,NA,NA,NA,0,0,NA,"",""
"40",4018475,"balancer",1,NA,NA,NA,NA,1,0,NA,"SSN",""
"41",4018478,"balancer",1,NA,NA,NA,NA,2,0,NA,"SSN",""
"42",4018488,"balancer",1,NA,NA,NA,NA,0,0,NA,"",""
"43",4018495,"balancer",1,NA,NA,NA,NA,1,0,NA,"SSN",""
"44",4018505,"balancer",1,11418,0,NA,NA,1,0,NA,"SSN",""
"45",4018509,"balancer",1,NA,NA,NA,NA,1,0,NA,"SSN",""
"46",4018513,"balancer",1,NA,NA,NA,NA,2,0,NA,"SSN",""
"47",4018520,"balancer",1,NA,NA,NA,NA,3,0,NA,"SSN",""
"48",4018522,"balancer",1,NA,NA,NA,NA,4,0,NA,"SSN",""
"49",4018527,"balancer",1,NA,NA,NA,NA,4,0,NA,"SSN",""
"50",4018533,"balancer",1,NA,NA,NA,NA,1,0,NA,"SSN",""
"51",4018534,"balancer",1,NA,NA,NA,NA,0,0,NA,"",""
"52",4018547,"balancer",1,NA,NA,NA,NA,0,0,NA,"",""
"53",4018568,"balancer",1,NA,NA,NA,NA,0,0,NA,"",""
"54",4018571,"balancer",1,NA,NA,NA,NA,0,0,NA,"",""
"55",4018574,"balancer",1,NA,NA,NA,NA,1,0,NA,"SSN",""
"56",4018594,"balancer",1,NA,NA,NA,NA,0,0,NA,"",""
"57",4018604,"balancer",1,NA,NA,NA,NA,0,0,NA,"",""
"58",4018621,"intra-multi-ciliated",16,3954.25,3766.8125,NA,NA,0,0,NA,"",""
"59",4018627,"nonciliated",0,NA,NA,NA,NA,0,0,NA,"",""
"60",4018634,"monociliated",1,1581,0,NA,NA,0,0,NA,"",""
"61",4018640,"nonciliated",0,NA,NA,NA,NA,0,0,NA,"",""
"62",4018682,"bridge",0,NA,NA,0,20,7,5,1.4,"SSN","SSN"
"63",4018689,"bridge",0,NA,NA,0,11,2,2,2.5,"SSN","SSN, bridge"
"64",4018691,"bridge",0,NA,NA,0,11,2,3,2,"SSN","SSN, monociliated, bridge"
"65",4018695,"bridge",0,NA,NA,0,14,3,5,1,"SSN, bridge","SSN, bridge"
"66",4018708,"bridge",0,NA,NA,2,8,2,1,2,"SSN, bridge","SSN, bridge"
"67",4018284,"balancer",1,NA,NA,NA,NA,0,0,NA,"",""
"68",4018295,"balancer",1,NA,NA,NA,NA,0,0,NA,"",""
"69",4018320,"balancer",1,NA,NA,NA,NA,3,0,NA,"SSN",""
"70",4018322,"balancer",1,NA,NA,NA,NA,0,0,NA,"",""
"71",4018340,"balancer",1,NA,NA,NA,NA,1,0,NA,"SSN",""
"72",4018349,"balancer",1,NA,NA,NA,NA,0,0,NA,"",""
"73",4018354,"balancer",1,NA,NA,NA,NA,0,0,NA,"",""
"74",4018386,"balancer",1,NA,NA,NA,NA,1,0,NA,"SSN",""
"75",4018389,"balancer",1,NA,NA,NA,NA,0,0,NA,"",""
"76",4018401,"balancer",1,NA,NA,NA,NA,1,0,NA,"SSN",""
"77",4018409,"balancer",2,NA,NA,NA,NA,2,0,NA,"SSN",""
"78",4018415,"balancer",1,NA,NA,NA,NA,1,0,NA,"SSN",""
"79",4018459,"nonciliated",0,NA,NA,NA,NA,2,0,NA,"SSN",""
"80",4018464,"balancer",1,NA,NA,NA,NA,2,0,NA,"SSN",""
"81",4018470,"balancer",0,NA,NA,NA,NA,3,0,NA,"SSN",""
"82",4018476,"balancer",1,NA,NA,NA,NA,0,0,NA,"",""
"83",4018489,"balancer",1,NA,NA,NA,NA,0,0,NA,"",""
"84",4018498,"balancer",1,NA,NA,NA,NA,0,0,NA,"",""
"85",4018506,"balancer",1,NA,NA,NA,NA,1,0,NA,"",""
"86",4018518,"balancer",1,NA,NA,NA,NA,0,0,NA,"",""
"87",4018556,"balancer",0,NA,NA,NA,NA,0,0,NA,"",""
"88",4018573,"balancer",1,9441,0,NA,3,1,0,NA,"SSN",""
"89",4018576,"balancer",1,9660,0,NA,NA,1,0,NA,"SSN",""
"90",4018602,"balancer",0,NA,NA,NA,NA,1,0,NA,"SSN",""
"91",4018606,"balancer",1,NA,NA,NA,NA,0,0,NA,"",""
"92",4018611,"balancer",1,NA,NA,NA,NA,0,0,NA,"",""
"93",4018614,"balancer",1,NA,NA,NA,NA,0,0,NA,"",""
"94",4018617,"balancer",1,NA,NA,NA,NA,0,0,NA,"",""
"95",4018623,"balancer",1,NA,NA,NA,NA,1,0,NA,"SSN",""
"96",4018629,"balancer",1,NA,NA,NA,NA,0,0,NA,"",""
"97",4018636,"balancer",1,NA,NA,NA,NA,0,0,NA,"",""
"98",4018671,"balancer",1,NA,NA,NA,NA,1,0,NA,"SSN",""
"99",4018675,"balancer",1,NA,NA,NA,NA,0,0,NA,"",""
"100",4018678,"balancer",1,NA,NA,NA,NA,0,0,NA,"",""
"101",4018690,"balancer",1,NA,NA,NA,NA,0,0,NA,"",""
"102",4018696,"balancer",2,NA,NA,NA,NA,0,0,NA,"",""
"103",4018702,"balancer",1,NA,NA,NA,NA,1,0,NA,"",""
"104",4018709,"balancer",1,NA,NA,NA,NA,1,0,NA,"SSN",""
"105",4018715,"balancer",1,9755,0,NA,NA,1,0,NA,"SSN",""
"106",4018719,"balancer",1,NA,NA,NA,NA,0,0,NA,"",""
"107",4018330,"balancer",1,NA,NA,NA,NA,1,0,NA,"SSN",""
"108",4018345,"balancer",1,10005,0,NA,NA,2,0,NA,"SSN",""
"109",4018350,"balancer",1,NA,NA,NA,NA,1,0,NA,"",""
"110",4018387,"balancer",1,NA,NA,NA,NA,1,0,NA,"",""
"111",4018390,"balancer",1,NA,NA,NA,NA,0,0,NA,"",""
"112",4018398,"balancer",1,NA,NA,NA,NA,0,0,NA,"",""
"113",4018413,"balancer",1,NA,NA,NA,NA,1,0,NA,"",""
"114",4018486,"balancer",1,NA,NA,NA,NA,0,0,NA,"",""
"115",4018511,"balancer",1,NA,NA,NA,NA,4,0,NA,"",""
"116",4018523,"balancer",2,9398,0,NA,NA,1,0,NA,"SSN",""
"117",4018374,"balancer",1,NA,NA,NA,NA,0,0,NA,"",""
"118",4018403,"balancer",1,NA,NA,NA,5,1,0,NA,"SSN",""
"119",4018410,"balancer",1,NA,NA,NA,NA,1,0,NA,"SSN",""
"120",4018521,"balancer",1,NA,NA,NA,NA,1,0,NA,"SSN",""
"121",4018528,"balancer",1,NA,NA,NA,NA,0,0,NA,"",""
"122",4018624,"balancer",1,NA,NA,NA,NA,2,0,NA,"SSN",""
"123",4018631,"balancer",1,NA,NA,NA,NA,0,0,NA,"",""
"124",4018638,"balancer",1,NA,NA,NA,NA,0,0,NA,"",""
"125",4018655,"balancer",1,NA,NA,NA,NA,2,0,NA,"SSN",""
"126",4018672,"balancer",1,NA,NA,NA,NA,0,0,NA,"",""
"127",4018692,"balancer",1,NA,NA,NA,NA,1,0,NA,"SSN",""
"128",4018704,"balancer",1,NA,NA,NA,NA,0,0,NA,"",""
"129",4018710,"balancer",1,NA,NA,NA,NA,0,0,NA,"",""
"130",4018716,"balancer",1,NA,NA,NA,NA,0,0,NA,"",""
"131",4018720,"balancer",1,NA,NA,NA,NA,1,0,NA,"SSN",""
"132",4018391,"balancer",1,NA,NA,NA,NA,0,0,NA,"",""
"133",4018465,"balancer",1,NA,NA,NA,NA,0,0,NA,"",""
"134",4018524,"balancer",1,NA,NA,NA,NA,0,0,NA,"",""
"135",4018529,"balancer",1,NA,NA,NA,NA,2,0,NA,"SSN",""
"136",4018625,"balancer",1,NA,NA,NA,NA,0,0,NA,"",""
"137",4018697,"balancer",1,NA,NA,NA,NA,2,0,NA,"SSN",""
"138",4018705,"balancer",1,NA,NA,NA,NA,4,0,NA,"SSN",""
"139",4018711,"balancer",1,NA,NA,NA,NA,2,0,NA,"SSN",""
"140",4018721,"balancer",0,NA,NA,NA,NA,4,0,NA,"SSN, bridge",""
"141",4018404,"balancer",1,NA,NA,NA,NA,1,0,NA,"SSN",""
"142",4018466,"balancer",1,NA,NA,NA,NA,0,0,NA,"",""
"143",4018615,"balancer",1,NA,NA,NA,NA,0,0,NA,"",""
"144",4018626,"balancer",1,NA,NA,NA,NA,0,0,NA,"",""
"145",4018632,"balancer",1,NA,NA,NA,NA,0,0,NA,"",""
"146",4018656,"balancer",1,NA,NA,NA,NA,0,0,NA,"",""
"147",4018280,"balancer",1,NA,NA,NA,NA,0,0,NA,"",""
"148",4018281,"balancer",0,NA,NA,NA,NA,0,0,NA,"",""
"149",4018282,"balancer",1,NA,NA,NA,NA,1,0,NA,"SSN",""
"150",4018497,"monociliated",1,2649,0,NA,NA,3,0,NA,"SSN",""
"151",4018499,"monociliated",1,3528,0,1,5,1,0,NA,"SSN",""
"152",4018507,"balancer",1,NA,NA,NA,NA,0,0,NA,"",""
"153",4018508,"balancer",0,NA,NA,2,NA,0,0,NA,"",""
"154",4018510,"balancer",0,NA,NA,2,NA,0,0,NA,"",""
"155",4018512,"bridge",0,NA,NA,2,7,4,0,NA,"SSN",""
"156",4018515,"intra-multi-ciliated",21,7498.57142857143,7430.85714285714,NA,NA,0,0,NA,"",""
"157",4018516,"intra-multi-ciliated",24,4902.91666666667,4560.625,NA,NA,0,0,NA,"",""
"158",4018531,"intra-multi-ciliated",30,7327.03225806452,7052.77419354839,NA,NA,0,0,NA,"",""
"159",4018535,"intra-multi-ciliated",18,7805.55555555556,7678.27777777778,NA,17,1,0,NA,"biciliated",""
"160",4018544,"lamellate",18,4327.66666666667,4275.22222222222,0,12,0,0,NA,"",""
"161",4018558,"intra-multi-ciliated",26,8463.26923076923,8393.30769230769,NA,NA,0,0,NA,"",""
"162",4018562,"lamellate",18,4125.16666666667,3987.27777777778,2,NA,0,0,NA,"",""
"163",4018579,"intra-multi-ciliated",15,6069.07142857143,5697.07142857143,NA,14,0,0,NA,"",""
"164",4018581,"lamellate",11,2993.72727272727,2842.72727272727,3,NA,0,0,NA,"",""
"165",4018582,"intra-multi-ciliated",28,8067.64285714286,8011.82142857143,1,NA,0,0,NA,"",""
"166",4018584,"intra-multi-ciliated",14,7717.42857142857,7655.28571428571,NA,NA,0,0,NA,"",""
"167",4018585,"lamellate",2,7612.5,2726.5,8,NA,0,0,NA,"",""
"168",4018587,"large_granular_cell",0,NA,NA,NA,4,0,0,NA,"",""
"169",4018589,NA,3,1176.66666666667,0,0,NA,0,0,NA,"",""
"170",4018591,"biciliated",2,1775.5,0,NA,NA,0,0,NA,"",""
"171",4018595,"monociliated",1,NA,NA,NA,NA,0,0,NA,"",""
"172",4018597,"biciliated",2,910,0,NA,NA,0,0,NA,"",""
"173",4018598,"biciliated",2,1694.5,0,NA,NA,0,0,NA,"",""
"174",4018600,"multiciliated",3,1254.33333333333,0,2,4,0,0,NA,"",""
"175",4018642,NA,8,2401.375,0,0,NA,0,0,NA,"",""
"176",4018693,"nonciliated",0,NA,NA,1,NA,8,0,NA,"SSN",""
"177",4018717,"monociliated",1,3841,0,NA,NA,8,0,NA,"SSN",""
"178",4018727,NA,0,NA,NA,0,NA,2,0,NA,"SSN",""
"179",4018741,"monociliated",1,2755,0,NA,NA,3,0,NA,"SSN",""
"180",4018757,"monociliated",1,2428,0,NA,NA,0,0,NA,"",""
"181",4018776,"nonciliated",0,NA,NA,NA,NA,4,0,NA,"SSN",""
"182",4018792,"monociliated",1,2139,0,NA,NA,0,0,NA,"",""
"183",4018809,"monociliated",1,5653,0,NA,NA,2,0,NA,"SSN",""
"184",4018293,"monociliated",1,4371,0,NA,NA,4,0,NA,"SSN",""
"185",4018298,"monociliated",1,2669,0,NA,NA,2,0,NA,"SSN",""
"186",4018304,"monociliated",1,2989,0,NA,NA,0,0,NA,"",""
"187",4018313,NA,0,NA,NA,1,NA,2,0,NA,"SSN",""
"188",4018318,"monociliated",1,2546,0,NA,NA,0,0,NA,"",""
"189",4018325,"monociliated",1,2444,0,NA,NA,0,0,NA,"",""
"190",4018338,"monociliated",1,2616,0,NA,NA,0,0,NA,"",""
"191",4018346,"monociliated",0,NA,NA,NA,NA,5,0,NA,"SSN",""
"192",4018347,"nonciliated",0,NA,NA,2,NA,3,0,NA,"SSN",""
"193",4018355,"monociliated",1,4138,0,NA,NA,1,0,NA,"",""
"194",4018375,"nonciliated",0,NA,NA,NA,NA,1,0,NA,"SSN",""
"195",4018382,"monociliated",1,3491,0,NA,NA,5,0,NA,"SSN",""
"196",4018397,"monociliated",1,1643,0,NA,NA,4,0,NA,"SSN",""
"197",4018418,"monociliated",1,3918,0,NA,NA,1,0,NA,"SSN",""
"198",4018420,"biciliated",2,3157.5,0,NA,9,1,0,NA,"SSN",""
"199",4018421,"monociliated",1,3219,0,NA,NA,0,0,NA,"",""
"200",4018423,"monociliated",1,4457,0,NA,NA,2,0,NA,"SSN",""
"201",4018428,"biciliated",2,1521,0,NA,NA,0,0,NA,"",""
"202",4018430,"monociliated",0,NA,NA,NA,NA,1,0,NA,"SSN",""
"203",4018494,"monociliated",1,2525,0,NA,NA,0,0,NA,"",""
"204",4018519,"monociliated",1,2387,0,NA,NA,0,0,NA,"",""
"205",4018546,"monociliated",1,2633,0,NA,NA,1,0,NA,"SSN",""
"206",4018550,"monociliated",1,3814,0,NA,NA,1,0,NA,"SSN",""
"207",4018553,"monociliated",1,3948,0,NA,NA,3,0,NA,"SSN",""
"208",4018565,"monociliated",1,3701,0,NA,NA,0,0,NA,"",""
"209",4018570,"monociliated",1,2710,0,NA,NA,0,0,NA,"",""
"210",4018603,"monociliated",1,3314,0,NA,NA,0,0,NA,"",""
"211",4018622,"nonciliated",0,NA,NA,NA,NA,2,0,NA,"SSN",""
"212",4018635,"monociliated",1,4287,0,NA,NA,0,0,NA,"",""
"213",4018650,"monociliated",1,2426,0,NA,NA,1,0,NA,"SSN",""
"214",4018663,"monociliated",1,2791,0,NA,NA,1,0,NA,"SSN",""
"215",4018686,"monociliated",1,7387,0,NA,NA,3,0,NA,"SSN",""
"216",4018701,"nonciliated",0,NA,NA,NA,NA,2,0,NA,"SSN",""
"217",4018722,"monociliated",1,1888,0,NA,NA,1,0,NA,"SSN",""
"218",4018729,"monociliated",1,1987,0,NA,NA,0,0,NA,"",""
"219",4018742,"nonciliated",0,NA,NA,NA,NA,2,0,NA,"SSN",""
"220",4018758,"monociliated",1,2712,0,NA,NA,1,0,NA,"SSN",""
"221",4018777,"nonciliated",0,NA,NA,NA,NA,5,0,NA,"SSN",""
"222",4018793,"nonciliated",0,NA,NA,NA,NA,3,0,NA,"SSN",""
"223",4018810,"monociliated",1,1807,0,NA,NA,1,0,NA,"SSN",""
"224",4018288,"biciliated",2,2448.5,0,NA,NA,0,0,NA,"",""
"225",4018305,"monociliated",1,3131,0,NA,NA,3,0,NA,"SSN",""
"226",4018314,"monociliated",1,3418,0,NA,NA,1,0,NA,"SSN",""
"227",4018399,"monociliated",1,2153,0,NA,NA,2,0,NA,"SSN",""
"228",4018429,"monociliated",1,7539,0,NA,NA,4,0,NA,"SSN",""
"229",4018569,"monociliated",1,2741,0,NA,NA,2,0,NA,"SSN",""
"230",4018628,"monociliated",1,1065,0,NA,NA,1,0,NA,"SSN",""
"231",4018637,"monociliated",1,1592,0,NA,NA,0,0,NA,"",""
"232",4018654,"nonciliated",0,NA,NA,NA,NA,0,0,NA,"",""
"233",4018723,"nonciliated",0,NA,NA,NA,NA,6,0,NA,"SSN",""
"234",4018730,"nonciliated",0,NA,NA,1,NA,2,0,NA,"SSN",""
"235",4018759,"monociliated",1,4265,0,NA,NA,5,0,NA,"SSN",""
"236",4018779,"monociliated",1,2528,0,NA,NA,3,0,NA,"SSN",""
"237",4018794,"monociliated",1,2785,0,NA,NA,3,0,NA,"SSN",""
"238",4018306,"monociliated",1,7823,0,NA,NA,4,0,NA,"SSN",""
"239",4018315,"nonciliated",0,NA,NA,NA,NA,5,0,NA,"SSN",""
"240",4018334,"nonciliated",0,NA,NA,NA,NA,7,0,NA,"SSN",""
"241",4018372,"balancer",1,NA,NA,NA,NA,5,0,NA,"SSN",""
"242",4018431,"nonciliated",0,NA,NA,NA,NA,5,0,NA,"SSN",""
"243",4018630,"nonciliated",0,NA,NA,NA,NA,1,0,NA,"SSN",""
"244",4018683,"monociliated",1,851,0,NA,NA,0,0,NA,"",""
"245",4018744,"monociliated",1,371,0,1,NA,3,0,NA,"SSN",""
"246",4018761,"nonciliated",0,NA,NA,NA,NA,4,0,NA,"SSN",""
"247",4018780,"nonciliated",0,NA,NA,NA,13,4,0,NA,"SSN",""
"248",4018812,"monociliated",1,2951,0,NA,NA,1,0,NA,"SSN",""
"249",4018307,"nonciliated",0,NA,NA,NA,NA,4,0,NA,"SSN",""
"250",4018316,"nonciliated",0,NA,NA,NA,NA,6,0,NA,"SSN",""
"251",4018373,"nonciliated",0,NA,NA,NA,NA,4,0,NA,"SSN",""
"252",4018639,"nonciliated",0,NA,NA,NA,NA,3,0,NA,"SSN",""
"253",4018731,"nonciliated",0,NA,NA,NA,NA,2,0,NA,"SSN",""
"254",4018746,"nonciliated",0,NA,NA,NA,NA,2,0,NA,"SSN",""
"255",4018762,"nonciliated",0,NA,NA,NA,NA,4,0,NA,"SSN",""
"256",4018781,"nonciliated",0,NA,NA,NA,NA,2,0,NA,"SSN",""
"257",4018796,"biciliated",2,1844,0,NA,7,0,0,NA,"",""
"258",4018813,"monociliated",1,5025,0,NA,NA,0,0,NA,"",""
"259",4018308,"nonciliated",0,NA,NA,NA,NA,1,0,NA,"SSN",""
"260",4018317,"nonciliated",0,NA,NA,NA,NA,5,0,NA,"SSN",""
"261",4018703,"nonciliated",0,NA,NA,NA,NA,3,0,NA,"SSN",""
"262",4018764,"dense_vesicle",0,NA,NA,0,4,0,0,NA,"",""
"263",4018798,"nonciliated",0,NA,NA,NA,NA,3,0,NA,"SSN",""
"264",4018815,"nonciliated",0,NA,NA,NA,NA,1,0,NA,"SSN",""
"265",4018309,"nonciliated",0,NA,NA,NA,NA,2,0,NA,"SSN",""
"266",4018732,"nonciliated",0,NA,NA,NA,NA,3,0,NA,"SSN",""
"267",4018748,"nonciliated",0,NA,NA,NA,NA,4,0,NA,"SSN",""
"268",4018765,"nonciliated",0,NA,NA,NA,NA,1,0,NA,"SSN",""
"269",4018782,"nonciliated",0,NA,NA,NA,NA,1,0,NA,"SSN",""
"270",4018799,"monociliated",1,1049,0,NA,NA,7,0,NA,"SSN, bridge",""
"271",4018816,NA,0,NA,NA,15,NA,0,0,NA,"",""
"272",4018310,"nonciliated",0,NA,NA,NA,NA,3,0,NA,"SSN",""
"273",4018733,"dense_vesicle",0,NA,NA,2,NA,0,0,NA,"",""
"274",4018749,"monociliated",1,2800,0,NA,NA,1,0,NA,"SSN",""
"275",4018766,NA,3,3416,982.666666666667,10,NA,0,0,NA,"",""
"276",4018783,"monociliated",1,2989,0,NA,NA,2,0,NA,"SSN",""
"277",4018800,"nonciliated",0,NA,NA,NA,NA,0,0,NA,"",""
"278",4018818,"nonciliated",0,NA,NA,NA,NA,1,0,NA,"SSN",""
"279",4018311,"biciliated",2,2511,0,NA,NA,2,0,NA,"SSN",""
"280",4018750,"nonciliated",0,NA,NA,NA,NA,1,0,NA,"",""
"281",4018784,"nonciliated",0,NA,NA,NA,NA,0,0,NA,"",""
"282",4018801,"nonciliated",0,NA,NA,NA,NA,3,0,NA,"SSN",""
"283",4018819,"dense_vesicle",0,NA,NA,2,NA,5,0,NA,"SSN",""
"284",4018312,"dense_vesicle",0,NA,NA,2,NA,0,0,NA,"",""
"285",4018751,"nonciliated",0,NA,NA,NA,NA,1,0,NA,"SSN",""
"286",4018768,"nonciliated",0,NA,NA,NA,NA,2,0,NA,"SSN",""
"287",4018785,"nonciliated",0,NA,NA,NA,NA,2,0,NA,"SSN",""
"288",4018803,"dense_vesicle",0,NA,NA,2,NA,2,0,NA,"SSN",""
"289",4018821,"nonciliated",0,NA,NA,NA,NA,3,0,NA,"SSN",""
"290",4018735,"nonciliated",0,NA,NA,NA,NA,0,0,NA,"",""
"291",4018752,"dense_vesicle",0,NA,NA,3,NA,3,0,NA,"SSN",""
"292",4018770,"bridge",0,NA,NA,NA,NA,7,3,1,"SSN","SSN"
"293",4018786,"bridge",0,NA,NA,NA,NA,3,0,NA,"SSN",""
"294",4018804,"bridge",0,NA,NA,NA,5,3,1,1,"SSN","SSN"
"295",4018822,"monociliated",1,4390,0,NA,NA,2,0,NA,"SSN",""
"296",4018753,"nonciliated",1,4428,0,NA,NA,3,0,NA,"SSN",""
"297",4018771,"nonciliated",0,NA,NA,NA,NA,0,0,NA,"",""
"298",4018787,"dense_vesicle",0,NA,NA,NA,NA,0,0,NA,"",""
"299",4018806,"dense_vesicle",0,NA,NA,2,NA,0,0,NA,"",""
"300",4018823,"dense_vesicle",0,NA,NA,4,NA,0,0,NA,"",""
"301",4018736,"dense_vesicle",0,NA,NA,6,NA,0,0,NA,"",""
"302",4018754,"dense_vesicle",0,NA,NA,4,NA,0,0,NA,"",""
"303",4018772,"dense_vesicle",0,NA,NA,5,NA,0,0,NA,"",""
"304",4018788,NA,2,4495,0,11,NA,0,0,NA,"",""
"305",4018807,"dense_vesicle",0,NA,NA,5,4,1,0,NA,"",""
"306",4018824,"dense_vesicle",0,NA,NA,2,5,0,0,NA,"",""
"307",4018737,"balancer",1,NA,NA,NA,NA,0,0,NA,"",""
"308",4018789,"balancer",1,NA,NA,NA,NA,0,0,NA,"",""
"309",4018825,"epithelial_floor",0,NA,NA,NA,3,0,0,NA,"",""
"310",4018738,"epithelial_floor",0,NA,NA,NA,NA,0,0,NA,"",""
"311",4018755,"bridge",0,NA,NA,NA,NA,3,0,NA,"SSN",""
"312",4018773,"bridge",0,NA,NA,2,NA,3,0,NA,"SSN",""
"313",4018790,"bridge",0,NA,NA,NA,NA,0,0,NA,"",""
"314",4018808,"epithelial_floor",0,NA,NA,NA,NA,0,0,NA,"",""
"315",4018826,"dense_vesicle",0,NA,NA,2,NA,0,0,NA,"",""
"316",4018739,"dense_vesicle",0,NA,NA,4,NA,0,0,NA,"",""
"317",4018756,"dense_vesicle",0,NA,NA,6,NA,0,0,NA,"",""
"318",4018774,"monociliated",1,948,0,NA,NA,0,0,NA,"",""
"319",4018791,"monociliated",1,1529,0,NA,NA,0,0,NA,"",""
"320",4018827,"multiciliated",3,1120,0,4,NA,0,0,NA,"",""
"321",4018424,"nonciliated",0,NA,NA,NA,NA,2,0,NA,"SSN",""
"322",4018427,"nonciliated",0,NA,NA,0,NA,2,0,NA,"SSN",""
"323",4018434,"monociliated",1,2754,0,NA,NA,3,0,NA,"SSN",""
"324",4018439,"nonciliated",0,NA,NA,NA,NA,2,0,NA,"SSN",""
"325",4018445,NA,0,NA,NA,15,6,0,0,NA,"",""
"326",4018452,"nonciliated",0,NA,NA,2,NA,1,0,NA,"SSN",""
"327",4018453,"monociliated",1,6837,0,NA,NA,7,0,NA,"SSN",""
"328",4018673,"dome",8,NA,NA,NA,NA,0,0,NA,"",""
"329",4018456,"nonciliated",0,NA,NA,NA,NA,2,0,NA,"SSN",""
"330",4018460,"monociliated",1,3651,0,NA,NA,2,0,NA,"SSN",""
"331",4018468,"bridge",0,NA,NA,NA,NA,5,0,NA,"SSN, bridge",""
"332",4018471,"nonciliated",0,NA,NA,2,NA,1,0,NA,"SSN",""
"333",4018473,"monociliated",1,1359,0,NA,NA,0,0,NA,"",""
"334",4018479,NA,0,NA,NA,20,NA,0,0,NA,"",""
"335",4018490,"nonciliated",0,NA,NA,NA,NA,0,0,NA,"",""
"336",4018496,"balancer",1,NA,NA,NA,NA,1,0,NA,"SSN",""
"337",4018517,"nonciliated",0,NA,NA,NA,9,5,0,NA,"SSN",""
"338",4018525,"monociliated",1,863,0,NA,NA,0,0,NA,"",""
"339",4018532,"monociliated",1,2865,0,NA,NA,3,0,NA,"SSN",""
"340",4018536,"nonciliated",0,NA,NA,NA,NA,0,0,NA,"",""
"341",4018540,"bridge",0,NA,NA,0,20,12,8,1,"SSN, bridge","SSN, bridge"
"342",4018545,NA,0,NA,NA,17,NA,1,0,NA,"biciliated",""
"343",4018549,"nonciliated",0,NA,NA,NA,NA,0,0,NA,"",""
"344",4018552,"nonciliated",0,NA,NA,NA,NA,4,0,NA,"SSN",""
"345",4018554,"monociliated",1,1876,0,0,11,0,0,NA,"",""
"346",4018557,"biciliated",2,1490,0,NA,NA,0,0,NA,"",""
"347",4018563,"dome",0,NA,NA,NA,5,0,0,NA,"",""
"348",4018566,"dome",0,NA,NA,NA,5,0,0,NA,"",""
"349",4018572,"dome",0,NA,NA,NA,NA,0,0,NA,"",""
"350",4018577,"dome",0,NA,NA,NA,NA,0,0,NA,"",""
"351",4018578,"dome",17,NA,NA,NA,NA,0,0,NA,"",""
"352",4018583,"dome",0,NA,NA,NA,NA,0,0,NA,"",""
"353",4018586,"dome",0,NA,NA,NA,NA,0,0,NA,"",""
"354",4018588,"epithelial_floor",0,NA,NA,NA,NA,1,0,NA,"",""
"355",4018590,"dome",0,NA,NA,NA,NA,2,0,NA,"",""
"356",4018593,"dome",0,NA,NA,NA,5,1,0,NA,"",""
"357",4018596,"dome",0,NA,NA,NA,NA,0,0,NA,"",""
"358",4018599,"dome",0,NA,NA,NA,NA,0,0,NA,"",""
"359",4018601,"dome",0,NA,NA,NA,NA,0,0,NA,"",""
"360",4018605,"dome",0,NA,NA,NA,NA,0,0,NA,"",""
"361",4018609,"dome",0,NA,NA,NA,NA,1,0,NA,"SNN",""
"362",4018610,"dome",0,NA,NA,NA,NA,0,0,NA,"",""
"363",4018612,"dome",0,NA,NA,NA,NA,0,0,NA,"",""
"364",4018616,"dome",0,NA,NA,NA,NA,0,0,NA,"",""
"365",4018618,"dome",0,NA,NA,NA,NA,0,0,NA,"",""
"366",4018620,"dome",0,NA,NA,NA,NA,0,0,NA,"",""
"367",4018633,"dome",0,NA,NA,NA,NA,0,0,NA,"",""
"368",4018641,"dome",0,NA,NA,NA,NA,0,0,NA,"",""
"369",4018643,"dome",0,NA,NA,NA,NA,0,0,NA,"",""
"370",4018648,"dome",0,NA,NA,NA,NA,0,0,NA,"",""
"371",4018649,"dome",0,NA,NA,NA,NA,0,0,NA,"",""
"372",4018651,"dome",0,NA,NA,NA,NA,0,0,NA,"",""
"373",4018653,"dome",0,NA,NA,NA,NA,0,0,NA,"",""
"374",4018658,"dome",0,NA,NA,NA,NA,0,0,NA,"",""
"375",4018659,"dome",0,NA,NA,NA,NA,0,0,NA,"",""
"376",4018661,"dome",0,NA,NA,NA,NA,0,0,NA,"",""
"377",4018662,"dome",0,NA,NA,NA,NA,0,0,NA,"",""
"378",4018664,"dome",0,NA,NA,NA,NA,0,0,NA,"",""
"379",4018665,"dome",0,NA,NA,NA,NA,0,0,NA,"",""
"380",4018666,"dome",0,NA,NA,NA,NA,0,0,NA,"",""
"381",4018669,"dome",0,NA,NA,NA,5,0,0,NA,"",""
"382",4018676,"dome",4,NA,NA,NA,NA,0,0,NA,"",""
"383",4018680,"dome",0,NA,NA,NA,NA,0,0,NA,"",""
"384",4018684,"dome",0,NA,NA,NA,NA,0,0,NA,"",""
"385",4018685,"epithelial_floor",0,NA,NA,NA,4,0,0,NA,"",""
"386",4018687,"dome",0,NA,NA,NA,NA,0,0,NA,"",""
"387",4018698,NA,0,NA,NA,NA,NA,0,0,NA,"",""
"388",4018706,"dome",0,NA,NA,NA,NA,0,0,NA,"",""
"389",4018724,"plumose",1,2502,0,NA,NA,0,0,NA,"",""
"390",4018743,"plumose",1,3649,0,0,NA,0,0,NA,"",""
"391",4018760,"plumose",1,3687,0,0,NA,0,0,NA,"",""
"392",4018778,"plumose",1,3627,0,NA,NA,0,0,NA,"",""
"393",4018811,"plumose",1,2699,0,NA,NA,0,0,NA,"",""
"394",4018828,"plumose",1,3691,0,NA,6,0,0,NA,"",""
"395",4018831,"plumose",1,3220,0,1,NA,0,0,NA,"",""
"396",4018838,"large_granular_cell",0,NA,NA,NA,NA,0,0,NA,"",""
"397",4018843,"large_granular_cell",0,NA,NA,NA,2,0,0,NA,"",""
"398",4018850,"plumose",1,3019,0,NA,NA,0,0,NA,"",""
"399",4018283,"plumose",2,3117.5,0,NA,NA,0,0,NA,"",""
"400",4018286,"plumose",1,5452,0,NA,NA,0,0,NA,"",""
"401",4018289,"plumose",2,5220.5,0,NA,10,0,0,NA,"",""
"402",4018294,"plumose",3,5090.33333333333,0,NA,NA,0,0,NA,"",""
"403",4018296,"plumose",1,5366,0,NA,NA,0,0,NA,"",""
"404",4018297,"plumose",1,4711,0,NA,NA,0,0,NA,"",""
"405",4018301,"plumose",1,5359,0,0,NA,0,0,NA,"",""
"406",4018332,"plumose",1,4726,0,0,NA,0,0,NA,"",""
"407",4018335,"plumose",1,3274,0,1,NA,0,0,NA,"",""
"408",4018348,"Cgroove",21,NA,NA,NA,NA,2,0,NA,"SSN",""
"409",4018352,"Cgroove",0,NA,NA,NA,NA,0,0,NA,"",""
"410",4018356,"Cgroove",0,NA,NA,NA,NA,1,0,NA,"",""
"411",4018359,"Cgroove",0,NA,NA,NA,6,0,0,NA,"",""
"412",4018364,"Cgroove",22,NA,NA,NA,NA,1,0,NA,"SSN",""
"413",4018368,"Cgroove",0,NA,NA,NA,9,1,0,NA,"SSN",""
"414",4018369,"Cgroove",0,NA,NA,NA,NA,2,0,NA,"SSN",""
"415",4018380,"Cgroove",0,NA,NA,NA,NA,1,0,NA,"SSN",""
"416",4018457,"dense_vesicle",0,NA,NA,2,NA,0,0,NA,"",""
"417",4018463,"dense_vesicle",0,NA,NA,2,NA,0,0,NA,"",""
"418",4018480,"nonciliated",1,2090,0,NA,NA,0,0,NA,"",""
"419",4018484,"biciliated",2,1219,0,NA,NA,0,0,NA,"",""
"420",4018487,"monociliated",1,2195,0,NA,NA,0,0,NA,"",""
"421",4018501,"multiciliated",6,2158.5,0,0,7,0,0,NA,"",""
"422",4018502,"monociliated",1,2473,0,NA,NA,0,0,NA,"",""
"423",4018504,"multiciliated",4,1082.5,0,0,NA,0,0,NA,"",""
"424",4018514,"multiciliated",3,2855,0,4,NA,0,0,NA,"",""
"425",4018530,"multiciliated",3,2255,0,9,NA,0,0,NA,"",""
"426",4018543,"lamellate",4,6711,3681.75,9,11,0,0,NA,"",""
"427",4018559,"monociliated",1,1899,926,NA,NA,0,0,NA,"",""
"428",4018561,"biciliated",2,1461,0,NA,NA,0,0,NA,"",""
"429",4018564,"biciliated",2,2629.5,0,NA,NA,0,0,NA,"",""
"430",4018567,"multiciliated",3,936.666666666667,0,1,NA,0,0,NA,"",""
"431",4018575,"biciliated",2,2404.5,0,NA,NA,0,0,NA,"",""
"432",4018700,"monociliated",1,1971,0,NA,NA,0,0,NA,"",""
"433",4018725,"monociliated",1,3988,0,NA,NA,0,0,NA,"",""
"434",4018728,"biciliated",2,3796.5,0,NA,NA,0,0,NA,"",""
"435",4018745,"biciliated",2,1922,0,0,NA,0,0,NA,"",""
"436",4018763,NA,8,1652,0,3,NA,0,0,NA,"",""
"437",4018795,NA,0,NA,NA,NA,NA,0,0,NA,"",""
"438",4018814,NA,0,NA,NA,NA,NA,0,0,NA,"",""
"439",4018829,"plumose",1,3985,0,NA,NA,0,0,NA,"",""
"440",4018832,"biciliated",2,2095,0,3,NA,0,0,NA,"",""
"441",4018839,"biciliated",2,3972,0,NA,NA,0,0,NA,"",""
"442",4018842,"biciliated",2,534,0,NA,NA,0,0,NA,"",""
"443",4018844,"biciliated",2,1204.5,0,NA,NA,0,0,NA,"",""
"444",4018851,"monociliated",1,1322,0,NA,NA,0,0,NA,"",""
"445",4018285,"multiciliated",4,1612,0,11,NA,0,0,NA,"",""
"446",4018300,"monociliated",1,2070,0,NA,NA,0,0,NA,"",""
"447",4018321,"epithelial_floor",0,NA,NA,NA,9,0,0,NA,"",""
"448",4018323,"monociliated",1,3168,0,NA,6,0,0,NA,"",""
"449",4018337,"multiciliated",4,1283.5,0,6,NA,0,0,NA,"",""
"450",4018357,NA,6,2373,0,4,NA,0,0,NA,"",""
"451",4018366,"multiciliated",3,1370.66666666667,0,3,NA,0,0,NA,"",""
"452",4018384,"monociliated",1,1852,0,NA,NA,0,0,NA,"",""
"453",4018406,"multiciliated",3,1615.66666666667,0,17,NA,0,0,NA,"",""
"454",4018432,"multiciliated",3,1744.33333333333,0,3,NA,0,0,NA,"",""
"455",4018436,"biciliated",2,2589.5,0,NA,8,0,0,NA,"",""
"456",4018438,"monociliated",1,2881,0,1,NA,0,0,NA,"",""
"457",4018440,"monociliated",1,2627,0,NA,NA,0,0,NA,"",""
"458",4018443,"monociliated",1,1309,0,NA,NA,0,0,NA,"",""
"459",4018446,"biciliated",2,1029,0,NA,NA,0,0,NA,"",""
"460",4018449,"biciliated",2,1524.5,0,NA,NA,0,0,NA,"",""
"461",4018451,"biciliated",2,1244.5,0,NA,NA,0,0,NA,"",""
"462",4018454,"biciliated",2,2697.5,0,NA,NA,0,0,NA,"",""
"463",4018472,"biciliated",2,2073,0,NA,NA,0,0,NA,"",""
"464",4018491,"biciliated",2,949,0,NA,NA,0,0,NA,"",""
"465",4018503,"monociliated",1,2247,0,NA,NA,0,0,NA,"",""
"466",4018541,"monociliated",1,1348,0,NA,NA,0,0,NA,"",""
"467",4018560,"epithelial_floor",0,NA,NA,NA,NA,0,0,NA,"",""
"468",4018580,"epithelial_floor",0,NA,NA,NA,NA,0,0,NA,"",""
"469",4018592,"epithelial_floor",0,NA,NA,NA,NA,0,0,NA,"",""
"470",4018607,"epithelial_floor",0,NA,NA,NA,NA,0,0,NA,"",""
"471",4018619,"multiciliated",3,2815.66666666667,0,0,NA,0,0,NA,"",""
"472",4018644,"epithelial_floor",0,NA,NA,NA,NA,0,0,NA,"",""
"473",4018652,"monociliated",1,523,0,NA,NA,0,0,NA,"",""
"474",4018660,"biciliated",2,1701,0,NA,NA,0,0,NA,"",""
"475",4018670,"epithelial_floor",0,NA,NA,2,NA,0,0,NA,"",""
"476",4018694,"biciliated",2,2452.5,0,NA,NA,0,0,NA,"",""
"477",4018747,"monociliated",1,1658,0,NA,NA,0,0,NA,"",""
"478",4018797,"monociliated",1,2309,0,NA,NA,0,0,NA,"",""
"479",4018817,"monociliated",1,1103,0,NA,NA,0,0,NA,"",""
"480",4018830,"biciliated",2,1277.5,0,NA,NA,0,0,NA,"",""
"481",4018833,"epithelial_floor",0,NA,NA,NA,NA,0,0,NA,"",""
"482",4018840,"monociliated",1,1651,0,NA,NA,0,0,NA,"",""
"483",4018845,"epithelial_floor",0,NA,NA,NA,NA,0,0,NA,"",""
"484",4018852,"epithelial_floor",0,NA,NA,NA,NA,0,0,NA,"",""
"485",4018291,"monociliated",1,1726,0,NA,NA,0,0,NA,"",""
"486",4018328,"monociliated",1,1459,0,NA,NA,0,0,NA,"",""
"487",4018360,"monociliated",1,2827,0,NA,NA,0,0,NA,"",""
"488",4018425,"epithelial_floor",0,NA,NA,NA,NA,0,0,NA,"",""
"489",4018437,"monociliated",1,1706,0,NA,NA,0,0,NA,"",""
"490",4018441,"monociliated",1,1486,0,0,NA,0,0,NA,"",""
"491",4018444,"multiciliated",3,980.666666666667,0,3,NA,0,0,NA,"",""
"492",4018448,"monociliated",1,1861,0,NA,NA,0,0,NA,"",""
"493",4018455,"biciliated",2,1483.5,0,NA,NA,0,0,NA,"",""
"494",4018482,"biciliated",2,2041.5,0,NA,NA,0,0,NA,"",""
"495",4018537,"monociliated",1,1977,0,NA,NA,0,0,NA,"",""
"496",4018542,"biciliated",2,1601.5,0,NA,NA,0,0,NA,"",""
"497",4018613,"epithelial_floor",0,NA,NA,2,NA,0,0,NA,"",""
"498",4018646,"biciliated",2,1745,0,NA,NA,0,0,NA,"",""
"499",4018657,"monociliated",1,2364,0,NA,NA,0,0,NA,"",""
"500",4018679,"monociliated",1,2102,0,NA,NA,0,0,NA,"",""
"501",4018767,"biciliated",2,2511,0,NA,NA,0,0,NA,"",""
"502",4018820,"monociliated",1,2313,0,NA,NA,0,0,NA,"",""
"503",4018834,"epithelial_floor",0,NA,NA,3,NA,0,0,NA,"",""
"504",4018329,"epithelial_floor",0,NA,NA,NA,NA,0,0,NA,"",""
"505",4018538,"epithelial_floor",0,NA,NA,NA,NA,0,0,NA,"",""
"506",4018608,"epithelial_floor",0,NA,NA,NA,NA,0,0,NA,"",""
"507",4018647,"Cgroove",27,NA,NA,NA,NA,0,0,NA,"",""
"508",4018835,"epithelial_floor",0,NA,NA,NA,NA,2,0,NA,"",""
"509",4018433,"epithelial_floor",0,NA,NA,NA,NA,0,0,NA,"",""
"510",4018442,"lithocyte",0,NA,NA,NA,29,1,0,NA,"",""
"511",4018539,"Cgroove",0,NA,NA,NA,NA,0,0,NA,"",""
"512",4019238,NA,0,NA,NA,NA,NA,5,0,NA,"",""
"513",4018853,"biciliated",2,8501,0,NA,4,1,0,NA,"",""
"514",4018846,"epithelial_floor",0,NA,NA,NA,NA,0,0,NA,"",""
"515",4018854,"epithelial_floor",0,NA,NA,NA,NA,1,0,NA,"",""
"516",4018836,"epithelial_floor",0,NA,NA,NA,NA,1,0,NA,"",""
"517",4018855,"epithelial_floor",0,NA,NA,NA,NA,0,0,NA,"",""
"518",4018837,"epithelial_floor",0,NA,NA,NA,NA,0,0,NA,"",""
"519",4018856,"balancer",1,NA,NA,NA,NA,0,0,NA,"",""
"520",4018847,"epithelial_floor",0,NA,NA,NA,NA,0,0,NA,"",""
"521",4018857,"epithelial_floor",0,NA,NA,NA,NA,1,0,NA,"",""
"522",4018858,"monociliated",1,2420,0,NA,NA,0,0,NA,"",""
"523",4018848,"dome",0,NA,NA,NA,NA,0,0,NA,"",""
"524",4018859,"epithelial_floor",0,NA,NA,NA,NA,0,0,NA,"",""
"525",4018860,"epithelial_floor",0,NA,NA,NA,NA,0,0,NA,"",""
"526",4018861,"biciliated",2,654,0,NA,NA,0,0,NA,"",""
"527",4018862,"epithelial_floor",0,NA,NA,NA,NA,0,0,NA,"",""
"528",4018863,"epithelial_floor",0,NA,NA,NA,NA,0,0,NA,"",""
"529",4018864,"biciliated",2,1402.5,0,NA,NA,0,0,NA,"",""
"530",4018865,"monociliated",1,4212,0,NA,NA,0,0,NA,"",""
"531",4018866,"biciliated",2,2140.5,0,NA,NA,0,0,NA,"",""
"532",4018867,"multiciliated",4,3604.25,0,0,NA,0,0,NA,"",""
"533",4018868,"monociliated",1,4571,0,NA,NA,0,0,NA,"",""
"534",4018869,"multiciliated",3,1455.33333333333,0,0,NA,0,0,NA,"",""
"535",4018870,"biciliated",2,3870.5,0,NA,NA,0,0,NA,"",""
"536",4018871,"epithelial_floor",0,NA,NA,NA,NA,0,0,NA,"",""
"537",4018872,"monociliated",1,1836,0,NA,NA,0,0,NA,"",""
"538",4018873,"monociliated",1,4397,0,NA,NA,0,0,NA,"",""
"539",4018874,"multiciliated",4,4931,0,3,NA,0,0,NA,"",""
"540",4018875,"monociliated",1,1638,0,NA,NA,0,0,NA,"",""
"541",4018876,"monociliated",1,1951,0,NA,NA,0,0,NA,"",""
"542",4018877,"epithelial_floor",0,NA,NA,NA,NA,0,0,NA,"",""
"543",4018878,"monociliated",1,1948,0,NA,NA,0,0,NA,"",""
"544",4018879,"monociliated",1,3100,0,NA,NA,0,0,NA,"",""
"545",4018880,"multiciliated",3,1681.66666666667,0,20,NA,0,0,NA,"",""
"546",4018881,"biciliated",2,1744.5,0,NA,NA,0,0,NA,"",""
"547",4018882,"multiciliated",3,2283.5,0,1,NA,0,0,NA,"",""
"548",4018883,"biciliated",2,4095.5,0,NA,NA,0,0,NA,"",""
"549",4018884,"biciliated",2,1098,0,1,NA,0,0,NA,"",""
"550",4018885,"biciliated",2,1432.5,0,NA,NA,0,0,NA,"",""
"551",4018886,"biciliated",2,1314.5,0,NA,NA,0,0,NA,"",""
"552",4018887,"biciliated",2,987,0,NA,NA,0,0,NA,"",""
"553",4018888,"monociliated",0,NA,NA,NA,NA,0,0,NA,"",""
"554",4018889,"biciliated",2,1387,0,0,NA,0,0,NA,"",""
"555",4018890,"biciliated",2,1733,0,NA,NA,0,0,NA,"",""
"556",4018891,"biciliated",2,1566,0,NA,NA,0,0,NA,"",""
"557",4018892,"biciliated",2,2491,0,0,NA,0,0,NA,"",""
"558",4018893,"biciliated",2,1920.5,142.5,2,NA,0,0,NA,"",""
"559",4018894,"biciliated",2,2890,0,NA,4,0,0,NA,"",""
"560",4018895,"multiciliated",3,1393.66666666667,0,NA,NA,0,0,NA,"",""
"561",4018896,"monociliated",1,1955,0,NA,NA,0,0,NA,"",""
"562",4018897,"monociliated",1,3341,287,NA,NA,0,0,NA,"",""
"563",4018898,"monociliated",1,2654,0,NA,NA,0,0,NA,"",""
"564",4018899,"monociliated",1,1875,0,NA,NA,0,0,NA,"",""
"565",4018900,"biciliated",2,3503,0,NA,NA,0,0,NA,"",""
"566",4018901,"monociliated",1,2601,0,2,NA,0,0,NA,"",""
"567",4018902,"monociliated",1,3971,0,1,NA,0,0,NA,"",""
"568",4018903,"biciliated",2,1795,0,NA,NA,0,0,NA,"",""
"569",4018904,"monociliated",1,1678,0,NA,NA,0,0,NA,"",""
"570",4018905,"monociliated",1,1818,0,NA,NA,0,0,NA,"",""
"571",4018906,"monociliated",1,3305,0,NA,NA,0,0,NA,"",""
"572",4018907,"biciliated",2,1582,0,0,NA,0,0,NA,"",""
"573",4018908,"monociliated",1,3042,0,1,NA,0,0,NA,"",""
"574",4018909,"monociliated",1,2947,0,0,NA,0,0,NA,"",""
"575",4018910,"monociliated",1,2388,0,NA,NA,0,0,NA,"",""
"576",4018911,"biciliated",2,3797,0,0,NA,0,0,NA,"",""
"577",4018912,"monociliated",1,1214,0,NA,NA,0,0,NA,"",""
"578",4018913,"monociliated",1,1770,0,NA,NA,0,0,NA,"",""
"579",4018914,"monociliated",1,1383,0,NA,NA,0,0,NA,"",""
"580",4018915,"monociliated",1,1175,0,NA,NA,0,0,NA,"",""
"581",4018916,"biciliated",2,1193,0,NA,NA,0,0,NA,"",""
"582",4018917,"epithelial_floor",0,NA,NA,NA,NA,0,0,NA,"",""
"583",4018918,"biciliated",2,1056,0,NA,NA,0,0,NA,"",""
"584",4018919,"monociliated",1,1610,0,NA,NA,0,0,NA,"",""
"585",4018920,"monociliated",1,2230,0,NA,NA,0,0,NA,"",""
"586",4018921,"monociliated",1,1175,0,NA,NA,0,0,NA,"",""
"587",4018922,"monociliated",1,3839,0,NA,NA,0,0,NA,"",""
"588",4018923,"epithelial_floor",0,NA,NA,NA,NA,0,0,NA,"",""
"589",4018924,"biciliated",2,1268.5,0,NA,NA,0,0,NA,"",""
"590",4018925,"monociliated",1,3439,0,NA,NA,0,0,NA,"",""
"591",4018926,"monociliated",1,813,0,NA,NA,0,0,NA,"",""
"592",4018927,"monociliated",1,2135,0,NA,NA,0,0,NA,"",""
"593",4018928,"monociliated",1,1728,0,NA,NA,0,0,NA,"",""
"594",4018929,"monociliated",1,2155,0,NA,NA,0,0,NA,"",""
"595",4018930,"monociliated",1,1188,0,NA,NA,0,0,NA,"",""
"596",4018931,"monociliated",1,845,0,NA,NA,0,0,NA,"",""
"597",4018932,"monociliated",1,1114,0,0,NA,0,0,NA,"",""
"598",4018933,"epithelial_floor",0,NA,NA,NA,NA,0,0,NA,"",""
"599",4018934,"epithelial_floor",0,NA,NA,NA,NA,0,0,NA,"",""
"600",4018935,"epithelial_floor",0,NA,NA,1,NA,0,0,NA,"",""
"601",4018936,"epithelial_floor",0,NA,NA,NA,NA,0,0,NA,"",""
"602",4018937,"epithelial_floor",0,NA,NA,NA,NA,0,0,NA,"",""
"603",4018938,"epithelial_floor",0,NA,NA,NA,NA,0,0,NA,"",""
"604",4018939,"epithelial_floor",0,NA,NA,NA,NA,0,0,NA,"",""
"605",4018940,"Cgroove",0,NA,NA,NA,NA,1,0,NA,"",""
"606",4018941,"epithelial_floor",0,NA,NA,NA,NA,0,0,NA,"",""
"607",4018942,"epithelial_floor",0,NA,NA,NA,NA,1,0,NA,"",""
"608",4018943,"monociliated",1,1232,0,NA,NA,0,0,NA,"",""
"609",4018944,"epithelial_floor",0,NA,NA,NA,NA,0,0,NA,"",""
"610",4018945,"biciliated",2,902.5,231.5,NA,NA,0,0,NA,"",""
"611",4018946,"epithelial_floor",0,NA,NA,NA,NA,0,0,NA,"",""
"612",4018947,"epithelial_floor",0,NA,NA,NA,NA,0,0,NA,"",""
"613",4018948,"epithelial_floor",0,NA,NA,NA,8,0,0,NA,"",""
"614",4018949,"epithelial_floor",0,NA,NA,NA,NA,0,0,NA,"",""
"615",4018950,"monociliated",1,2292,0,NA,NA,0,0,NA,"",""
"616",4018951,"monociliated",1,1876,0,NA,NA,0,0,NA,"",""
"617",4018952,"monociliated",1,1905,0,NA,NA,0,0,NA,"",""
"618",4018953,"monociliated",1,2755,0,NA,NA,0,0,NA,"",""
"619",4018954,"monociliated",0,NA,NA,NA,NA,0,0,NA,"",""
"620",4018955,"monociliated",1,2904,0,NA,NA,0,0,NA,"",""
"621",4018956,"monociliated",1,1567,0,1,NA,0,0,NA,"",""
"622",4018957,"monociliated",1,1318,0,3,NA,0,0,NA,"",""
"623",4018958,"biciliated",2,1178,0,4,5,0,0,NA,"",""
"624",4018959,"biciliated",2,3284,0,NA,NA,0,0,NA,"",""
"625",4018960,"multiciliated",3,1549.33333333333,0,1,NA,0,0,NA,"",""
"626",4018961,"epithelial_floor",0,NA,NA,NA,NA,0,0,NA,"",""
"627",4018962,"epithelial_floor",2,1434,0,2,NA,0,0,NA,"",""
"628",4018963,"monociliated",1,1747,0,NA,NA,0,0,NA,"",""
"629",4018964,"monociliated",1,1641,0,0,NA,0,0,NA,"",""
"630",4018965,"monociliated",1,1653,0,1,NA,0,0,NA,"",""
"631",4018966,"monociliated",1,1795,0,1,NA,0,0,NA,"",""
"632",4018967,"monociliated",1,1326,0,0,NA,0,0,NA,"",""
"633",4018968,"biciliated",2,1267,0,NA,NA,0,0,NA,"",""
"634",4018969,"biciliated",2,2031.5,0,NA,NA,0,0,NA,"",""
"635",4018970,"monociliated",1,1737,0,1,NA,0,0,NA,"",""
"636",4018971,"monociliated",1,1446,0,NA,NA,0,0,NA,"",""
"637",4018972,"biciliated",2,951.5,0,NA,NA,0,0,NA,"",""
"638",4018973,"monociliated",1,609,0,NA,NA,0,0,NA,"",""
"639",4018974,"epithelial_floor",0,NA,NA,NA,NA,0,0,NA,"",""
"640",4018975,"monociliated",1,1541,0,NA,NA,0,0,NA,"",""
"641",4018976,"monociliated",1,1807,0,NA,NA,0,0,NA,"",""
"642",4018977,"biciliated",2,1755.5,0,NA,NA,0,0,NA,"",""
"643",4018978,"monociliated",1,1521,0,NA,NA,0,0,NA,"",""
"644",4018979,"monociliated",1,1818,0,NA,NA,0,0,NA,"",""
"645",4018980,"monociliated",1,1745,0,NA,NA,0,0,NA,"",""
"646",4018981,"monociliated",1,2284,0,NA,NA,0,0,NA,"",""
"647",4018982,"monociliated",1,1053,0,NA,NA,0,0,NA,"",""
"648",4018983,"monociliated",1,1050,0,2,NA,0,0,NA,"",""
"649",4018984,"monociliated",1,1108,0,1,NA,0,0,NA,"",""
"650",4018985,"monociliated",1,1431,0,NA,NA,0,0,NA,"",""
"651",4018986,"biciliated",2,1452,0,NA,NA,0,0,NA,"",""
"652",4018987,"multiciliated",3,1314.33333333333,0,0,NA,0,0,NA,"",""
"653",4018988,"monociliated",1,1838,0,NA,NA,0,0,NA,"",""
"654",4018989,"multiciliated",3,1765.66666666667,0,2,NA,0,0,NA,"",""
"655",4018990,"lamellate",23,4508.13043478261,4424.95652173913,NA,NA,0,0,NA,"",""
"656",4018991,"monociliated",1,NA,NA,NA,NA,0,0,NA,"",""
"657",4018992,"lamellate",2,7819,3696,9,NA,0,0,NA,"",""
"658",4018993,"dense_vesicle",0,NA,NA,3,NA,0,0,NA,"",""
"659",4018994,"dense_vesicle",0,NA,NA,NA,NA,0,0,NA,"",""
"660",4018995,"dense_vesicle",0,NA,NA,2,NA,0,0,NA,"",""
"661",4018996,"dense_vesicle",0,NA,NA,2,NA,1,0,NA,"",""
"662",4018997,"dense_vesicle",0,NA,NA,2,NA,0,0,NA,"",""
"663",4018998,"dense_vesicle",0,NA,NA,NA,NA,1,0,NA,"SSN",""
"664",4018999,"dense_vesicle",0,NA,NA,NA,NA,0,0,NA,"",""
"665",4019000,"dense_vesicle",0,NA,NA,2,NA,0,0,NA,"",""
"666",4019001,"monociliated",1,2112,0,NA,NA,0,0,NA,"",""
"667",4019002,"dense_vesicle",0,NA,NA,NA,NA,0,0,NA,"",""
"668",4019003,"dense_vesicle",0,NA,NA,3,NA,0,0,NA,"",""
"669",4019004,"dense_vesicle",0,NA,NA,2,NA,0,0,NA,"",""
"670",4019005,"dense_vesicle",0,NA,NA,4,NA,0,0,NA,"",""
"671",4019006,"dense_vesicle",0,NA,NA,2,NA,0,0,NA,"",""
"672",4019007,"dense_vesicle",0,NA,NA,3,NA,0,0,NA,"",""
"673",4019008,"lamellate",4,6506.75,3348,8,NA,0,0,NA,"",""
"674",4019009,"multiciliated",3,1000,0,0,NA,0,0,NA,"",""
"675",4019010,"multiciliated",5,2071.8,320,14,NA,0,0,NA,"",""
"676",4019011,NA,11,1380.5,0,2,NA,0,0,NA,"",""
"677",4019012,"monociliated",1,2063,0,NA,NA,0,0,NA,"",""
"678",4019013,"biciliated",2,2283,0,NA,NA,0,0,NA,"",""
"679",4019014,"biciliated",2,2248,0,4,NA,0,0,NA,"",""
"680",4019015,"multiciliated",5,2133.8,0,2,7,0,0,NA,"",""
"681",4019016,"multiciliated",5,1280,0,12,NA,0,0,NA,"",""
"682",4019017,"biciliated",2,1347,0,NA,NA,0,0,NA,"",""
"683",4019018,"biciliated",2,1875,0,NA,NA,0,0,NA,"",""
"684",4019019,"nonciliated",0,NA,NA,NA,NA,4,0,NA,"SSN",""
"685",4019020,"biciliated",2,4266.5,0,NA,NA,0,0,NA,"",""
"686",4019021,"biciliated",2,1249,0,NA,3,0,1,2,"","intra-multi-ciliated"
"687",4019022,"nonciliated",0,NA,NA,NA,NA,5,0,NA,"SSN",""
"688",4019023,"monociliated",1,1162,0,3,NA,0,0,NA,"",""
"689",4019024,"biciliated",2,2549.5,0,0,NA,0,0,NA,"",""
"690",4019025,"monociliated",1,3308,0,1,NA,0,0,NA,"",""
"691",4019026,"monociliated",1,1538,0,NA,NA,0,0,NA,"",""
"692",4019027,"biciliated",2,2079,0,NA,NA,0,0,NA,"",""
"693",4019028,"multiciliated",6,1718.83333333333,0,0,NA,0,0,NA,"",""
"694",4019029,"multiciliated",4,1377.75,0,6,NA,0,0,NA,"",""
"695",4019030,"biciliated",2,1215.5,0,NA,NA,0,0,NA,"",""
"696",4019031,"plumose",0,NA,NA,NA,NA,0,0,NA,"",""
"697",4019032,"monociliated",1,1989,0,NA,NA,0,0,NA,"",""
"698",4019033,"epithelial_floor",0,NA,NA,NA,3,0,0,NA,"",""
"699",4019034,"biciliated",2,2393.5,0,NA,NA,0,0,NA,"",""
"700",4019035,"monociliated",1,2372,0,NA,NA,0,0,NA,"",""
"701",4019036,"monociliated",1,2304,0,NA,NA,0,0,NA,"",""
"702",4019037,"monociliated",1,1924,0,NA,NA,0,0,NA,"",""
"703",4019038,"monociliated",1,1479,0,NA,NA,0,0,NA,"",""
"704",4019039,"epithelial_floor",0,NA,NA,1,NA,0,0,NA,"",""
"705",4019040,"monociliated",1,1918,0,NA,NA,0,0,NA,"",""
"706",4019041,"biciliated",2,1304,0,NA,NA,0,0,NA,"",""
"707",4019042,"biciliated",2,1099.5,0,NA,NA,0,0,NA,"",""
"708",4019043,"monociliated",1,1869,0,NA,NA,0,0,NA,"",""
"709",4019044,"monociliated",1,1251,0,NA,NA,0,0,NA,"",""
"710",4019045,"biciliated",2,1857,0,NA,NA,0,0,NA,"",""
"711",4019046,"monociliated",1,2006,0,NA,NA,0,0,NA,"",""
"712",4019047,"monociliated",1,1607,0,NA,NA,0,0,NA,"",""
"713",4019048,"monociliated",1,2415,0,NA,NA,0,0,NA,"",""
"714",4019049,"epithelial_floor",0,NA,NA,NA,NA,0,0,NA,"",""
"715",4019050,"monociliated",1,2058,0,NA,NA,0,0,NA,"",""
"716",4019051,"epithelial_floor",0,NA,NA,NA,NA,0,0,NA,"",""
"717",4019052,"monociliated",1,1534,0,NA,NA,0,0,NA,"",""
"718",4019053,"monociliated",1,2365,0,NA,NA,0,0,NA,"",""
"719",4019054,"monociliated",1,1981,0,NA,NA,0,0,NA,"",""
"720",4019055,"monociliated",1,2274,0,NA,NA,0,0,NA,"",""
"721",4019056,"multiciliated",4,1460.25,0,13,7,0,0,NA,"",""
"722",4019057,"biciliated",2,2378,0,NA,NA,0,0,NA,"",""
"723",4019058,"multiciliated",3,1973.33333333333,0,10,NA,0,0,NA,"",""
"724",4019059,"biciliated",2,1732.5,0,NA,NA,0,0,NA,"",""
"725",4019060,"biciliated",2,1775,0,NA,NA,0,0,NA,"",""
"726",4019061,"multiciliated",3,2131.33333333333,0,1,NA,0,0,NA,"",""
"727",4019062,"monociliated",1,1870,0,NA,NA,0,0,NA,"",""
"728",4019063,"biciliated",2,1171.5,0,NA,NA,0,0,NA,"",""
"729",4019064,"monociliated",1,1569,0,NA,NA,0,0,NA,"",""
"730",4019065,"monociliated",1,1892,0,NA,NA,0,0,NA,"",""
"731",4019066,"multiciliated",3,1349.66666666667,0,0,NA,0,0,NA,"",""
"732",4019067,"monociliated",1,1762,0,NA,NA,0,0,NA,"",""
"733",4019068,"monociliated",1,1496,0,NA,NA,0,0,NA,"",""
"734",4019069,"monociliated",1,2193,0,NA,NA,0,0,NA,"",""
"735",4019071,"biciliated",2,1015,0,NA,NA,0,0,NA,"",""
"736",4019072,"biciliated",2,1174.5,0,NA,NA,0,0,NA,"",""
"737",4019073,"biciliated",2,1415,0,NA,NA,0,0,NA,"",""
"738",4019074,"monociliated",1,1549,0,NA,NA,0,0,NA,"",""
"739",4019075,"monociliated",1,1009,0,NA,NA,0,0,NA,"",""
"740",4019076,"biciliated",2,1380,0,NA,NA,0,0,NA,"",""
"741",4019077,"biciliated",2,1175,0,NA,NA,0,0,NA,"",""
"742",4019078,"monociliated",1,1083,0,NA,NA,0,0,NA,"",""
"743",4019079,"epithelial_floor",0,NA,NA,NA,NA,0,0,NA,"",""
"744",4019080,"epithelial_floor",0,NA,NA,NA,NA,0,0,NA,"",""
"745",4019081,"epithelial_floor",0,NA,NA,4,NA,0,0,NA,"",""
"746",4019082,"epithelial_floor",0,NA,NA,NA,NA,0,0,NA,"",""
"747",4019083,"monociliated",1,1231,0,1,NA,0,0,NA,"",""
"748",4019084,"epithelial_floor",0,NA,NA,NA,NA,0,0,NA,"",""
"749",4019085,"epithelial_floor",0,NA,NA,NA,NA,0,0,NA,"",""
"750",4019086,"monociliated",1,1247,0,NA,NA,0,0,NA,"",""
"751",4019087,"monociliated",1,986,0,2,NA,0,0,NA,"",""
"752",4019088,"biciliated",2,2617,0,0,NA,0,0,NA,"",""
"753",4019089,"epithelial_floor",0,NA,NA,NA,NA,0,0,NA,"",""
"754",4019090,"biciliated",2,1288,0,2,NA,0,0,NA,"",""
"755",4019091,"epithelial_floor",0,NA,NA,NA,NA,0,0,NA,"",""
"756",4019092,"monociliated",1,1724,0,NA,NA,0,0,NA,"",""
"757",4019093,"biciliated",2,1258.5,0,NA,NA,0,0,NA,"",""
"758",4019094,"biciliated",2,842,0,NA,NA,0,0,NA,"",""
"759",4019095,"multiciliated",3,1315,0,2,NA,0,0,NA,"",""
"760",4019096,"biciliated",2,1446,0,NA,NA,0,0,NA,"",""
"761",4019097,"biciliated",2,1495,0,NA,NA,0,0,NA,"",""
"762",4019098,"monociliated",1,1118,0,NA,NA,0,0,NA,"",""
"763",4019099,"biciliated",2,1646.5,0,NA,NA,0,0,NA,"",""
"764",4019100,"biciliated",2,1212.5,0,NA,NA,0,0,NA,"",""
"765",4019101,"epithelial_floor",0,NA,NA,NA,NA,0,0,NA,"",""
"766",4019102,"monociliated",1,702,590,NA,NA,0,0,NA,"",""
"767",4019103,"epithelial_floor",0,NA,NA,NA,NA,0,0,NA,"",""
"768",4019104,"dense_vesicle",0,NA,NA,NA,NA,0,0,NA,"",""
"769",4019105,"biciliated",2,1844.5,0,NA,NA,0,0,NA,"",""
"770",4019106,"biciliated",2,932.5,0,NA,NA,0,0,NA,"",""
"771",4019107,"multiciliated",3,1015.33333333333,0,3,NA,0,0,NA,"",""
"772",4019108,"biciliated",2,1504,0,NA,NA,0,0,NA,"",""
"773",4019109,"biciliated",2,2488,0,NA,NA,0,0,NA,"",""
"774",4019110,"biciliated",2,1246,0,NA,NA,0,0,NA,"",""
"775",4019111,"multiciliated",3,2154.66666666667,0,2,NA,0,0,NA,"",""
"776",4019112,"biciliated",2,1288,0,NA,NA,0,0,NA,"",""
"777",4019113,"balancer",1,NA,NA,NA,NA,0,0,NA,"",""
"778",4019114,"balancer",1,NA,NA,NA,NA,0,0,NA,"",""
"779",4019115,"epithelial_floor",0,NA,NA,NA,NA,2,0,NA,"",""
"780",4019116,"epithelial_floor",0,NA,NA,NA,NA,0,0,NA,"",""
"781",4019117,"epithelial_floor",0,NA,NA,NA,NA,0,0,NA,"",""
"782",4019118,"Cgroove",0,NA,NA,NA,NA,0,0,NA,"",""
"783",4019119,"epithelial_floor",0,NA,NA,NA,NA,1,0,NA,"",""
"784",4019120,"Cgroove",0,NA,NA,NA,7,1,0,NA,"",""
"785",4019121,"epithelial_floor",0,NA,NA,NA,NA,3,0,NA,"SSN",""
"786",4019122,"epithelial_floor",0,NA,NA,NA,NA,0,0,NA,"",""
"787",4019123,"epithelial_floor",0,NA,NA,NA,NA,0,0,NA,"",""
"788",4019124,"Cgroove",0,NA,NA,NA,NA,0,0,NA,"",""
"789",4019125,"Cgroove",0,NA,NA,NA,NA,0,0,NA,"",""
"790",4019126,"epithelial_floor",0,NA,NA,NA,NA,1,0,NA,"SSN",""
"791",4019127,"monociliated",1,7115,0,NA,NA,0,0,NA,"",""
"792",4019128,"epithelial_floor",0,NA,NA,NA,NA,1,0,NA,"SSN",""
"793",4019129,"epithelial_floor",0,NA,NA,NA,NA,1,0,NA,"SSN",""
"794",4019130,"Cgroove",0,NA,NA,NA,NA,1,0,NA,"SSN",""
"795",4019131,"epithelial_floor",0,NA,NA,NA,NA,0,0,NA,"",""
"796",4019132,"epithelial_floor",0,NA,NA,NA,NA,0,0,NA,"",""
"797",4019133,"epithelial_floor",0,NA,NA,NA,NA,1,0,NA,"SSN",""
"798",4019134,"epithelial_floor",0,NA,NA,NA,NA,2,0,NA,"SSN",""
"799",4019135,"monociliated",1,9063,0,NA,NA,0,0,NA,"",""
"800",4019136,"epithelial_floor",0,NA,NA,NA,NA,0,0,NA,"",""
"801",4019137,"epithelial_floor",0,NA,NA,NA,NA,1,0,NA,"SSN",""
"802",4019138,"epithelial_floor",0,NA,NA,NA,NA,2,0,NA,"SSN",""
"803",4019140,"monociliated",1,3093,0,NA,NA,1,0,NA,"SSN",""
"804",4019141,"bridge",0,NA,NA,NA,NA,6,0,NA,"SSN",""
"805",4019142,"epithelial_floor",0,NA,NA,NA,NA,2,0,NA,"SSN",""
"806",4019143,"epithelial_floor",0,NA,NA,NA,NA,0,0,NA,"",""
"807",4019144,"epithelial_floor",0,NA,NA,NA,NA,1,0,NA,"SSN",""
"808",4019145,"bridge",0,NA,NA,NA,NA,1,0,NA,"SSN",""
"809",4019146,"bridge",0,NA,NA,NA,NA,3,0,NA,"SSN",""
"810",4019147,"epithelial_floor",0,NA,NA,NA,NA,0,0,NA,"",""
"811",4019148,"bridge",0,NA,NA,NA,8,7,2,1.5,"SSN","SSN, balancer"
"812",4019149,"epithelial_floor",0,NA,NA,NA,NA,1,0,NA,"SSN",""
"813",4019150,"bridge",0,NA,NA,NA,7,6,2,1.5,"SSN","SSN"
"814",4019151,"bridge",0,NA,NA,3,NA,1,0,NA,"SSN",""
"815",4019152,"bridge",0,NA,NA,1,6,2,0,NA,"SSN, bridge",""
"816",4019153,"bridge",0,NA,NA,0,10,1,0,NA,"SSN",""
"817",4019154,"bridge",0,NA,NA,2,4,1,0,NA,"SSN",""
"818",4019155,"monociliated",1,7137,0,NA,NA,5,0,NA,"SSN",""
"819",4019156,NA,0,NA,NA,2,5,3,0,NA,"SSN",""
"820",4019157,NA,0,NA,NA,2,4,5,0,NA,"SSN",""
"821",4019158,"nonciliated",0,NA,NA,NA,NA,3,0,NA,"SSN",""
"822",4019159,"nonciliated",0,NA,NA,NA,NA,1,0,NA,"SSN",""
"823",4019160,"nonciliated",0,NA,NA,0,NA,5,0,NA,"SSN",""
"824",4019161,"nonciliated",0,NA,NA,NA,NA,1,0,NA,"SSN",""
"825",4019162,"nonciliated",0,NA,NA,0,NA,6,0,NA,"SSN",""
"826",4019163,"nonciliated",0,NA,NA,2,NA,2,0,NA,"SSN",""
"827",4019165,"nonciliated",0,NA,NA,2,NA,0,0,NA,"",""
"828",4019166,"bridge",0,NA,NA,NA,NA,4,0,NA,"SSN, bridge",""
"829",4019167,"nonciliated",0,NA,NA,NA,NA,1,0,NA,"SSN",""
"830",4019168,NA,3,1748,0,20,NA,0,0,NA,"",""
"831",4019169,"nonciliated",0,NA,NA,NA,NA,3,0,NA,"SSN",""
"832",4019170,"monociliated",1,1159,0,NA,NA,1,0,NA,"SSN",""
"833",4019171,"nonciliated",0,NA,NA,NA,NA,2,0,NA,"SSN",""
"834",4019172,"nonciliated",0,NA,NA,NA,NA,3,0,NA,"SSN",""
"835",4019222,"dense_vesicle",0,NA,NA,3,NA,5,0,NA,"SSN",""
"836",4019173,"nonciliated",0,NA,NA,NA,NA,2,0,NA,"SSN",""
"837",4019174,"nonciliated",0,NA,NA,NA,NA,3,0,NA,"SSN",""
"838",4019175,"biciliated",2,2938.5,0,NA,NA,4,0,NA,"SSN",""
"839",4019176,"nonciliated",0,NA,NA,NA,NA,4,0,NA,"SSN",""
"840",4019177,"nonciliated",0,NA,NA,NA,NA,4,0,NA,"SSN",""
"841",4019178,"nonciliated",0,NA,NA,NA,NA,1,0,NA,"SSN",""
"842",4019179,"nonciliated",0,NA,NA,NA,NA,2,0,NA,"SSN",""
"843",4019180,"monociliated",1,2439,0,NA,NA,0,0,NA,"",""
"844",4019181,"nonciliated",0,NA,NA,NA,NA,0,0,NA,"",""
"845",4019182,"multiciliated",3,1150.66666666667,0,4,NA,0,0,NA,"",""
"846",4019183,"monociliated",0,NA,NA,4,NA,0,0,NA,"",""
"847",4019184,"monociliated",1,1197,0,NA,NA,0,0,NA,"",""
"848",4019185,"monociliated",1,876,0,5,NA,0,0,NA,"",""
"849",4019186,"biciliated",2,1484.5,0,NA,NA,0,0,NA,"",""
"850",4019187,"monociliated",1,1498,0,NA,NA,0,0,NA,"",""
"851",4019188,"biciliated",2,2668.5,0,NA,NA,0,0,NA,"",""
"852",4019189,"biciliated",2,1564.5,0,6,NA,0,0,NA,"",""
"853",4019190,"biciliated",2,1527.5,0,NA,3,0,0,NA,"",""
"854",4019192,"nonciliated",0,NA,NA,NA,NA,0,0,NA,"",""
"855",4019193,"nonciliated",0,NA,NA,NA,NA,0,0,NA,"",""
"856",4019194,"dense_vesicle",0,NA,NA,2,NA,0,0,NA,"",""
"857",4019195,"Cgroove",0,NA,NA,NA,NA,0,0,NA,"",""
"858",4019196,"Cgroove",18,NA,NA,0,NA,0,0,NA,"",""
"859",4019202,"nonciliated",0,NA,NA,NA,NA,0,0,NA,"",""
"860",4019203,"nonciliated",0,NA,NA,NA,NA,0,0,NA,"",""
"861",4019204,"nonciliated",0,NA,NA,NA,NA,0,0,NA,"",""
"862",4019205,"nonciliated",0,NA,NA,NA,NA,0,0,NA,"",""
"863",4019206,"nonciliated",0,NA,NA,NA,NA,0,0,NA,"",""
"864",4019207,"nonciliated",0,NA,NA,NA,NA,0,0,NA,"",""
"865",4019208,"nonciliated",0,NA,NA,NA,NA,2,0,NA,"SSN",""
"866",4019209,"nonciliated",0,NA,NA,NA,NA,0,0,NA,"",""
"867",4019210,"nonciliated",0,NA,NA,NA,NA,0,0,NA,"",""
"868",4019211,"epithelial_floor",0,NA,NA,NA,NA,0,0,NA,"",""
"869",4019212,"nonciliated",0,NA,NA,NA,NA,0,0,NA,"",""
"870",4019219,"Cgroove",0,NA,NA,NA,NA,1,0,NA,"SSN",""
"871",4019220,"Cgroove",0,NA,NA,NA,NA,0,0,NA,"",""
"872",4018324,"epithelial_floor",0,NA,NA,NA,NA,0,0,NA,"",""
"873",4018326,"biciliated",2,7788.5,0,NA,NA,0,0,NA,"",""
"874",4018327,"biciliated",2,8104,0,NA,NA,0,0,NA,"",""
"875",4018331,"epithelial_floor",0,NA,NA,NA,NA,0,0,NA,"",""
"876",4018333,"epithelial_floor",0,NA,NA,NA,NA,0,0,NA,"",""
"877",4018336,"monociliated",1,3071,0,NA,4,1,0,NA,"",""
"878",4018339,"epithelial_floor",0,NA,NA,NA,NA,5,0,NA,"",""
"879",4018341,"epithelial_floor",0,NA,NA,NA,NA,0,0,NA,"",""
"880",4018343,"monociliated",1,887,0,NA,NA,0,0,NA,"",""
"881",4018688,"SSN",0,NA,NA,NA,90,13,67,1.73134328358209,"SSN, bridge","SSN, nonciliated, monociliated, dense_vesicle, bridge, balancer"
"882",4019214,NA,0,NA,NA,NA,4,1,0,NA,"SSN",""
"883",4019231,"monociliated",1,964,0,NA,NA,0,0,NA,"",""
"884",4019232,NA,0,NA,NA,NA,NA,0,0,NA,"",""
"885",4019233,"dome",0,NA,NA,NA,NA,0,0,NA,"",""
"886",4019234,"2",0,NA,NA,NA,NA,0,0,NA,"",""
"887",4019235,NA,0,NA,NA,NA,NA,0,0,NA,"",""
"888",4019236,NA,1,8467,0,NA,NA,0,0,NA,"",""
"889",4019251,NA,0,NA,NA,5,NA,0,0,NA,"",""
"890",4019255,NA,1,1003,0,NA,NA,0,0,NA,"",""
"891",4018363,"epithelial_floor",0,NA,NA,NA,NA,0,0,NA,"",""
"892",4018365,NA,1,3082,0,NA,NA,0,0,NA,"",""
"893",4018367,NA,0,NA,NA,2,NA,0,0,NA,"",""
"894",4018370,NA,0,NA,NA,NA,NA,0,0,NA,"",""
"895",4018376,NA,0,NA,NA,0,NA,0,0,NA,"",""
"896",4018381,NA,0,NA,NA,NA,NA,0,0,NA,"",""
"897",4018383,NA,0,NA,NA,NA,NA,0,0,NA,"",""
"898",4018392,NA,1,NA,NA,NA,NA,0,0,NA,"",""
"899",4018394,NA,0,NA,NA,NA,NA,0,0,NA,"",""
"900",4018396,NA,0,NA,NA,NA,NA,0,0,NA,"",""
"901",4018407,NA,0,NA,NA,NA,NA,0,0,NA,"",""
"902",4018416,NA,0,NA,NA,NA,NA,0,0,NA,"",""
"903",4018422,NA,0,NA,NA,NA,NA,0,0,NA,"",""
"904",4018426,NA,4,392,0,NA,NA,0,0,NA,"",""
"905",4018435,NA,0,NA,NA,8,NA,0,0,NA,"",""
"906",4018462,NA,0,NA,NA,NA,NA,0,0,NA,"",""
"907",4018467,NA,0,NA,NA,11,NA,0,0,NA,"",""
"908",4018483,NA,0,NA,NA,2,NA,0,0,NA,"",""
"909",4018500,"3",0,NA,NA,16,NA,0,0,NA,"",""
"910",4019261,NA,0,NA,NA,NA,NA,1,0,NA,"",""
"911",4018526,NA,1,1145,0,1,NA,0,0,NA,"",""
"912",4018668,"bridge",0,NA,NA,0,38,16,4,1.25,"SSN, bridge","SSN, bridge"
"913",4019280,"2",0,NA,NA,NA,NA,0,0,NA,"",""
"914",4019282,"2",0,NA,NA,NA,NA,0,0,NA,"",""
"915",4019239,NA,0,NA,NA,NA,NA,1,0,NA,"",""
"916",4019281,NA,0,NA,NA,NA,NA,0,0,NA,"",""
"917",4019279,"1",0,NA,NA,NA,NA,0,0,NA,"",""
"918",4019276,NA,0,NA,NA,NA,NA,0,0,NA,"",""
"919",4018492,"SSN",0,NA,NA,NA,138,19,121,2,"SSN, bridge","SSN, nonciliated, monociliated, epithelial_floor, bridge, balancer"
"920",4018344,NA,0,NA,NA,NA,NA,0,0,NA,"",""
"921",4018841,"SNN",0,NA,NA,NA,18,0,1,1,"","dome"
"922",4019275,"1",0,NA,NA,NA,NA,0,0,NA,"",""
"923",4018769,NA,2,9373,0,NA,NA,0,0,NA,"",""
"924",4019164,"monociliated",1,1395,0,NA,NA,0,0,NA,"",""
"925",4019290,NA,0,NA,NA,NA,3,0,0,NA,"",""
"926",4019318,NA,0,NA,NA,NA,NA,0,0,NA,"",""
"927",4019319,NA,0,NA,NA,NA,NA,0,0,NA,"",""
"928",4018287,"lithocyte",0,NA,NA,NA,NA,0,0,NA,"",""
"929",4018361,"lithocyte",0,NA,NA,NA,NA,0,0,NA,"",""
"930",4019139,"lithocyte",0,NA,NA,NA,43,0,0,NA,"",""
"931",4019217,"lithocyte",0,NA,NA,NA,NA,0,0,NA,"",""
"932",4018548,"SNN",0,NA,NA,0,9,0,0,NA,"",""
"933",4018645,NA,0,NA,NA,NA,NA,0,0,NA,"",""
"934",4018726,NA,0,NA,NA,NA,NA,0,0,NA,"",""
"935",4019230,"dome",0,NA,NA,NA,NA,0,0,NA,"",""
"936",4019256,NA,0,NA,NA,NA,NA,0,0,NA,"",""
"937",4019285,NA,0,NA,NA,NA,NA,0,0,NA,"",""
"938",4019294,NA,0,NA,NA,NA,NA,0,0,NA,"",""
"939",4019310,"dome",0,NA,NA,NA,NA,0,0,NA,"",""
"940",4019359,"dome",0,NA,NA,NA,NA,0,0,NA,"",""
"941",4018802,NA,0,NA,NA,NA,NA,0,0,NA,"",""
"942",4019198,NA,0,NA,NA,NA,NA,0,0,NA,"",""
"943",4019218,NA,0,NA,NA,NA,NA,0,0,NA,"",""
"944",4019247,NA,0,NA,NA,NA,NA,0,0,NA,"",""
"945",4019252,NA,0,NA,NA,NA,NA,0,0,NA,"",""
"946",4019262,NA,0,NA,NA,NA,NA,0,0,NA,"",""
"947",4019286,NA,0,NA,NA,NA,NA,0,0,NA,"",""
"948",4019302,NA,0,NA,NA,2,NA,0,0,NA,"",""
"949",4019311,NA,0,NA,NA,NA,NA,0,0,NA,"",""
"950",4019321,NA,0,NA,NA,NA,NA,0,0,NA,"",""
"951",4019360,NA,0,NA,NA,NA,NA,0,0,NA,"",""
"952",4019387,NA,0,NA,NA,NA,NA,0,0,NA,"",""
"953",4018674,NA,0,NA,NA,NA,NA,0,0,NA,"",""
"954",4018805,NA,0,NA,NA,NA,NA,0,0,NA,"",""
"955",4019229,"dome",0,NA,NA,NA,NA,0,0,NA,"",""
"956",4019253,"dome",0,NA,NA,NA,NA,0,0,NA,"",""
"957",4019284,NA,0,NA,NA,NA,NA,0,0,NA,"",""
"958",4019287,"dome",0,NA,NA,NA,NA,0,0,NA,"",""
"959",4019295,"dome",0,NA,NA,NA,NA,0,0,NA,"",""
"960",4019303,NA,0,NA,NA,NA,NA,0,0,NA,"",""
"961",4019312,NA,0,NA,NA,NA,NA,0,0,NA,"",""
"962",4019327,NA,0,NA,NA,NA,NA,0,0,NA,"",""
"963",4019336,NA,0,NA,NA,NA,NA,0,0,NA,"",""
"964",4019361,NA,0,NA,NA,NA,NA,0,0,NA,"",""
"965",4019388,NA,0,NA,NA,NA,NA,0,0,NA,"",""
"966",4019296,NA,0,NA,NA,NA,NA,0,0,NA,"",""
"967",4019304,NA,0,NA,NA,NA,NA,0,0,NA,"",""
"968",4019313,NA,0,NA,NA,NA,NA,0,0,NA,"",""
"969",4019322,NA,0,NA,NA,NA,NA,0,0,NA,"",""
"970",4019328,NA,0,NA,NA,NA,NA,0,0,NA,"",""
"971",4019337,NA,0,NA,NA,NA,NA,0,0,NA,"",""
"972",4019362,NA,0,NA,NA,NA,NA,0,0,NA,"",""
"973",4019389,NA,0,NA,NA,NA,NA,0,0,NA,"",""
"974",4019249,NA,0,NA,NA,NA,NA,0,0,NA,"",""
"975",4019306,NA,0,NA,NA,NA,NA,0,0,NA,"",""
"976",4019297,NA,0,NA,NA,NA,NA,0,0,NA,"",""
"977",4019323,NA,0,NA,NA,NA,NA,0,0,NA,"",""
"978",4019329,NA,0,NA,NA,NA,NA,0,0,NA,"",""
"979",4019338,NA,0,NA,NA,NA,NA,0,0,NA,"",""
"980",4019363,NA,0,NA,NA,NA,NA,0,0,NA,"",""
"981",4019250,NA,0,NA,NA,NA,NA,0,0,NA,"",""
"982",4019288,NA,0,NA,NA,NA,NA,0,0,NA,"",""
"983",4019298,NA,0,NA,NA,NA,NA,0,0,NA,"",""
"984",4019315,NA,0,NA,NA,NA,NA,0,0,NA,"",""
"985",4019330,NA,0,NA,NA,NA,NA,0,0,NA,"",""
"986",4019339,NA,0,NA,NA,NA,NA,0,0,NA,"",""
"987",4019364,NA,0,NA,NA,10,NA,0,0,NA,"",""
"988",4019390,NA,0,NA,NA,NA,NA,0,0,NA,"",""
"989",4019254,NA,0,NA,NA,NA,NA,0,0,NA,"",""
"990",4019299,NA,0,NA,NA,NA,NA,0,0,NA,"",""
"991",4019316,NA,0,NA,NA,NA,NA,0,0,NA,"",""
"992",4019324,NA,1,NA,NA,10,NA,0,0,NA,"",""
"993",4019317,NA,0,NA,NA,NA,NA,0,0,NA,"",""
"994",4019325,NA,0,NA,NA,NA,NA,0,0,NA,"",""
"995",4019340,NA,0,NA,NA,NA,NA,0,0,NA,"",""
"996",4019365,NA,0,NA,NA,NA,NA,0,0,NA,"",""
"997",4019309,NA,0,NA,NA,NA,NA,0,0,NA,"",""
"998",4019332,NA,0,NA,NA,NA,NA,0,0,NA,"",""
"999",4019333,NA,1,6711,488,14,NA,0,0,NA,"",""
"1000",4019341,NA,0,NA,NA,NA,NA,0,0,NA,"",""
"1001",4019342,NA,0,NA,NA,NA,NA,0,0,NA,"",""
"1002",4019366,NA,0,NA,NA,7,NA,0,0,NA,"",""
"1003",4018379,NA,1,NA,NA,NA,NA,0,0,NA,"",""
"1004",4019368,NA,0,NA,NA,NA,NA,0,0,NA,"",""
"1005",4019344,NA,0,NA,NA,NA,NA,0,0,NA,"",""
"1006",4019369,NA,0,NA,NA,NA,NA,0,0,NA,"",""
"1007",4019392,NA,0,NA,NA,NA,NA,0,0,NA,"",""
"1008",4019345,NA,0,NA,NA,NA,NA,0,0,NA,"",""
"1009",4019394,NA,0,NA,NA,NA,NA,0,0,NA,"",""
"1010",4019346,"1",0,NA,NA,NA,NA,0,0,NA,"",""
"1011",4019372,NA,0,NA,NA,NA,NA,0,0,NA,"",""
"1012",4019373,NA,0,NA,NA,NA,NA,0,0,NA,"",""
"1013",4019347,NA,0,NA,NA,NA,NA,0,0,NA,"",""
"1014",4019374,NA,0,NA,NA,NA,NA,0,0,NA,"",""
"1015",4019348,NA,0,NA,NA,NA,NA,0,0,NA,"",""
"1016",4019375,NA,0,NA,NA,NA,NA,0,0,NA,"",""
"1017",4019349,NA,0,NA,NA,NA,NA,0,0,NA,"",""
"1018",4019376,NA,0,NA,NA,NA,NA,0,0,NA,"",""
"1019",4019350,NA,0,NA,NA,NA,NA,0,0,NA,"",""
"1020",4019377,NA,0,NA,NA,NA,NA,0,0,NA,"",""
"1021",4019351,NA,0,NA,NA,NA,NA,0,0,NA,"",""
"1022",4019378,NA,0,NA,NA,NA,NA,0,0,NA,"",""
"1023",4019352,NA,0,NA,NA,NA,NA,0,0,NA,"",""
"1024",4019379,NA,0,NA,NA,NA,NA,0,0,NA,"",""
"1025",4019380,NA,0,NA,NA,NA,NA,0,0,NA,"",""
"1026",4019381,NA,0,NA,NA,NA,NA,0,0,NA,"",""
"1027",4019353,NA,0,NA,NA,NA,NA,0,0,NA,"",""
"1028",4019382,NA,0,NA,NA,NA,NA,0,0,NA,"",""
"1029",4019227,NA,0,NA,NA,NA,NA,2,0,NA,"SSN",""
"1030",4019354,NA,0,NA,NA,NA,NA,0,0,NA,"",""
"1031",4019383,NA,0,NA,NA,NA,NA,0,0,NA,"",""
"1032",4019355,NA,0,NA,NA,NA,NA,0,0,NA,"",""
"1033",4019356,NA,7,NA,NA,NA,NA,0,0,NA,"",""
"1034",4019357,NA,0,NA,NA,NA,NA,0,0,NA,"",""
"1035",4019358,NA,0,NA,NA,NA,NA,0,0,NA,"",""
"1036",4019384,NA,0,NA,NA,NA,NA,0,0,NA,"",""
"1037",4019397,NA,0,NA,NA,NA,NA,0,0,NA,"",""
