connector_id,pre,post,pre_node,post_node
25634817,4019221,4019221,25539039,25574756
25634608,4019221,4019221,25535993,25539012
25634408,4019221,4018345,25580608,25554038
25634609,4019221,4018714,25586632,25583306
25634821,4019221,4018478,25546794,25546254
25634922,4019221,4018682,25547950,25542603
25634697,4019221,4018415,25574049,25584796
25634697,4019221,4018372,25574049,25584822
25634697,4019221,4018804,25574049,25574058
25634614,4019221,4018755,25594968,25535477
25634614,4019221,4018773,25594968,25595226
25634919,4019221,4018682,25550094,25536550
25634615,4019221,4018770,25580588,25535641
25634410,4019221,4018715,25551353,25619808
25634619,4019221,4018688,25596829,25597093
25634822,4019221,4018461,25546793,25546275
25634620,4019221,4018403,25597321,25597819
25634824,4019221,4019221,25548568,25550624
25634623,4019221,4018496,25601062,25522599
25634625,4019221,4018410,25600908,25564064
25634625,4019221,4018521,25600908,25565434
25634630,4019221,4018522,25502023,25502166
25634633,4019221,4018400,25508404,25508434
25634631,4019221,4018411,25504185,25504204
25634631,4019221,4018533,25504185,25569338
25634636,4019221,4018402,25512307,25512483
25634636,4019221,4018405,25512307,25512508
25634637,4019221,4019221,25513213,25623587
25634831,4019221,4019166,25554364,25554841
25634641,4019221,4019148,25515176,25515279
25634641,4019221,4018492,25515176,25534409
25634832,4019221,4018695,25555102,25555355
25634832,4019221,4018708,25555102,25555297
25634833,4019221,4018689,25555409,25553809
25634833,4019221,4019166,25555409,25555518
25634838,4019221,4018770,25551567,25558911
25634474,4019221,4018755,25592419,25594098
25634478,4019221,4018755,25595423,25595855
25634493,4019221,4019221,25605658,25537567
25634493,4019221,4018409,25605658,25499636
25634498,4019221,4018340,25539943,25506308
25634502,4019221,4018320,25582549,25486609
25634502,4019221,4018688,25582549,25582573
25634502,4019221,4018688,25582549,25532050
25634503,4019221,4018714,25543632,25506679
25634541,4019221,4018372,25547395,25518668
25634541,4019221,4019166,25547395,25518591
25634543,4019221,4018470,25558719,25573951
25634543,4019221,4018372,25558719,25531060
25634856,4019221,4018470,25542988,25577481
25634856,4019221,4018804,25542988,25543030
25634443,4019221,4018401,25587710,25586169
25634443,4019221,4018773,25587710,25586231
25634555,4019221,4018468,25580707,25539857
25634557,4019221,4018468,25562464,25540428
25634858,4019221,4018770,25598961,25596738
25634894,4019221,4018804,25614894,25518207
25634578,4019221,4018576,25600091,25551217
25634579,4019221,4018523,25552237,25552480
25634666,4019221,4018692,25565794,25570612
25634587,4019221,4018688,25576251,25576431
25634908,4019221,4019221,25556927,25557402
25634470,4019221,4018770,25598765,25591692
25634470,4019221,4018770,25598765,25591664
25634470,4019221,4018688,25598765,25586440
25634955,4019221,4018470,25534647,25534662
25634957,4019221,4018770,25580579,25513826
25634957,4019221,4018773,25580579,25490955
25634921,4019221,4018682,25548235,25515604
25634409,4019221,4018682,25549508,25586399
25634409,4019221,4018786,25549508,25549579
25634917,4019221,4018682,25549805,25542538
25634917,4019221,4018786,25549805,25586371
25634914,4019221,4018786,25550865,25498428
25634913,4019221,4018345,25551030,25553545
25634476,4019221,4018573,25594792,25536772
25634495,4019221,4019221,25608431,25619837
25634495,4019221,4018372,25608431,25608642
25634870,4019221,4018682,25600000,25552566
25634490,4019221,4018409,25604413,25604495
25634500,4019221,4018320,25582876,25506639
25634500,4019221,4018688,25582876,25584013
25634547,4019221,4019221,25536495,25631147
25634547,4019221,4018624,25536495,25537416
25634549,4019221,4019221,25565697,25583855
25634549,4019221,4018624,25565697,25537415
25634549,4019221,4018655,25565697,25565718
25634553,4019221,4018468,25539301,25562629
25634553,4019221,4018540,25539301,25588593
25634594,4019221,4018468,25562586,25562629
25634596,4019221,4018505,25581543,25581568
25634812,4019221,4018386,25545661,25498883
25634766,4019221,4018478,25630499,25630532
25634766,4019221,4018495,25630499,25630526
25634642,4019221,4018372,25619901,25619927
25634814,4019221,4018709,25535337,25489138
25634879,4019221,4018395,25620984,25621008
25634850,4019221,4018574,25568752,25568773
25634810,4019221,4018602,25621907,25532345
25634810,4019221,4018623,25621907,25532320
25634810,4019221,4018688,25621907,25624294
25634934,4019221,4019221,25628860,25628790
25634611,4019221,4019221,25591912,25591869
25634612,4019221,4018282,25594634,25594825
25634860,4019221,4018655,25584665,25570325
25634897,4018681,4018688,25510510,25525616
25634898,4018681,4018688,25513627,25524944
25634899,4018681,4018688,25516403,25516543
25634687,4018681,4018688,25550598,25550640
25634690,4018681,4018688,25550892,25525482
25634693,4018681,4018688,25551523,25551543
25634875,4018682,4019221,25502343,25550094
25634907,4018682,4019221,25554369,25544311
25634907,4018682,4019221,25554369,25557513
25634722,4018682,4019221,25553254,25556337
25634725,4018682,4019221,25552566,25557513
25634732,4018682,4019221,25553649,25535502
25634732,4018682,4019221,25553649,25544311
25634829,4018689,4019221,25553700,25554392
25634829,4018689,4019221,25553700,25553945
25634829,4018689,4018695,25553700,25553890
25634910,4018689,4019221,25600188,25600401
25634910,4018689,4018695,25600188,25546834
25634815,4018691,4018492,25524745,25585439
25634851,4018691,4019221,25572830,25573161
25634851,4018691,4018492,25572830,25526859
25634376,4018691,4019152,25521872,25574619
25634376,4018691,4018492,25521872,25574209
25634380,4018695,4019221,25526487,25555160
25634381,4018695,4018708,25527581,25486772
25634382,4018695,4019221,25528193,25555602
25634383,4018695,4019221,25528368,25555716
25634385,4018695,4019221,25529135,25602126
25634386,4018708,4019221,25535119,25538030
25634386,4018708,4019166,25535119,25554841
25634616,4018770,4019221,25595340,25580588
25634837,4018770,4019221,25558885,25598065
25634484,4018770,4019221,25596738,25596498
25634895,4018804,4019221,25519431,25518802
25634554,4018540,4018492,25625072,25625143
25634556,4018540,4018492,25625151,25625211
25634559,4018540,4018492,25625414,25527560
25634561,4018540,4019221,25625499,25580705
25634563,4018540,4018492,25625583,25565953
25634565,4018540,4018668,25625625,25625702
25634567,4018540,4018492,25625759,25587300
25634569,4018540,4018468,25626077,25582532
25634367,4019148,4018721,25564641,25579198
25634367,4019148,4018492,25564641,25551715
25634793,4019148,4018492,25562931,25586315
25634373,4019150,4018492,25504089,25504368
25634374,4019150,4018492,25505316,25504986
25634374,4019150,4018492,25505316,25583259
25634651,4018688,4018464,25543697,25580992
25634655,4018688,4019221,25574964,25524508
25634462,4018688,4018681,25524944,25550658
25634657,4018688,4018681,25525398,25550892
25634481,4018688,4018681,25525695,25551068
25634479,4018688,4018681,25529534,25550402
25634661,4018688,4018681,25530083,25550302
25634662,4018688,4018681,25530604,25550491
25634663,4018688,4018681,25530756,25550240
25634468,4018688,4018671,25587341,25587585
25634884,4018688,4019221,25507924,25507975
25634686,4018688,4018681,25538222,25549935
25634886,4018688,4019221,25513526,25531095
25634889,4018688,4018689,25592057,25592086
25634801,4018688,4019221,25510539,25525287
25634496,4018688,4018681,25575994,25549711
25634802,4018688,4019221,25525402,25575962
25634521,4018688,4018320,25578930,25578954
25634524,4018688,4018464,25579570,25581482
25634597,4018688,4019221,25611719,25523832
25634885,4018688,4019221,25525948,25526094
25634912,4018688,4018682,25536052,25536078
25634435,4018688,4019221,25528885,25601877
25634466,4018688,4019221,25582970,25582991
25634466,4018688,4018770,25582970,25583019
25634598,4018688,4018330,25539280,25582413
25634901,4018668,4018540,25525920,25585204
25634901,4018668,4018492,25525920,25564634
25634903,4018668,4018492,25548841,25526823
25634905,4018668,4018492,25549347,25556744
25634906,4018668,4018492,25550428,25555601
25634762,4018492,4019221,25592325,25571795
25634433,4018492,4019221,25573563,25571610
25634805,4018492,4019221,25564141,25581468
25634805,4018492,4018540,25564141,25564446
25634805,4018492,4018668,25564141,25564414
25634807,4018492,4018691,25564662,25524987
25634807,4018492,4018668,25564662,25585181
25634816,4018492,4018668,25531805,25537119
25634767,4018492,4018540,25527457,25588593
25634813,4018492,4018540,25565891,25585245
25634771,4018492,4018540,25566049,25588471
25634771,4018492,4018668,25566049,25566349
25634773,4018492,4019221,25532641,25564079
25634773,4018492,4018705,25532641,25567354
25634643,4018492,4019148,25604016,25516131
25634643,4018492,4019153,25604016,25604059
25634775,4018492,4019151,25532210,25573160
25634645,4018492,4019141,25517635,25517681
25634645,4018492,4019150,25517635,25517658
25634776,4018492,4018705,25573371,25573492
25634776,4018492,4018711,25573371,25583568
25634647,4018492,4018527,25518537,25518722
25634647,4018492,4018512,25518537,25518773
25634647,4018492,4019141,25518537,25518750
25634840,4018492,4018705,25601892,25580264
25634840,4018492,4018721,25601892,25578843
25634840,4018492,4019148,25601892,25602004
25634610,4018492,4018720,25587730,25587760
25634780,4018492,4019146,25578449,25578878
25634847,4018492,4018527,25607102,25607276
25634849,4018492,4018522,25607656,25518229
25634845,4018492,4019145,25605319,25606156
25634853,4018492,4018522,25608481,25500907
25634853,4018492,4018527,25608481,25608543
25634853,4018492,4018512,25608481,25561877
25634857,4018492,4018512,25502788,25503340
25634857,4018492,4019141,25502788,25591838
25634447,4018492,4018540,25568528,25588445
25634859,4018492,4018512,25503459,25591959
25634859,4018492,4019141,25503459,25503475
25634861,4018492,4019141,25502629,25553694
25634450,4018492,4018540,25569192,25569281
25634865,4018492,4018527,25504266,25504288
25634865,4018492,4019141,25504266,25553569
25634865,4018492,4019150,25504266,25564247
25634452,4018492,4018540,25569903,25570196
25634783,4018492,4019150,25582662,25583436
25634454,4018492,4018540,25570740,25570768
25634456,4018492,4018540,25571158,25622103
25634456,4018492,4019152,25571158,25571214
25634893,4018492,4019221,25518231,25518314
25634896,4018492,4019221,25518343,25559262
25634790,4018492,4018513,25604889,25499751
25634791,4018492,4018705,25534068,25585778
25634791,4018492,4019148,25534068,25585808
25634791,4018492,4018492,25534068,25585839
25634950,4018492,4018520,25542519,25533612
25634696,4018492,4018668,25542643,25524002
25634698,4018492,4018668,25542821,25596204
25634699,4018492,4018668,25543032,25524002
25634701,4018492,4019221,25543587,25502142
25634701,4018492,4018509,25543587,25543754
25634795,4018492,4018540,25592292,25592326
25634702,4018492,4018668,25544213,25546443
25634704,4018492,4019221,25544436,25608691
25634704,4018492,4018668,25544436,25544648
25634705,4018492,4018668,25544785,25544942
25634707,4018492,4018520,25545057,25545283
25634709,4018492,4018475,25607240,25545812
25634709,4018492,4018513,25607240,25545788
25634552,4018492,4018697,25532944,25539097
25634552,4018492,4018711,25532944,25584533
25634949,4018492,4018668,25502385,25548002
25634952,4018492,4018520,25502364,25542008
25634952,4018492,4018522,25502364,25541932
25634952,4018492,4019154,25502364,25541908
25634731,4018492,4019148,25552728,25506820
25634731,4018492,4019150,25552728,25552868
25634734,4018492,4018721,25552977,25553279
25634734,4018492,4019148,25552977,25506820
25634867,4018492,4019146,25553395,25505645
25634727,4018492,4018529,25551691,25577662
25634727,4018492,4018721,25551691,25551874
25634727,4018492,4019148,25551691,25573531
25634729,4018492,4018529,25552076,25552376
25634729,4018492,4018404,25552076,25552401
25634729,4018492,4019150,25552076,25564309
25634737,4018492,4019146,25553728,25553782
25634737,4018492,4019150,25553728,25553755
25634740,4018492,4018668,25556213,25537256
25634742,4018492,4018668,25555408,25556394
25634744,4018492,4018691,25556504,25524819
25634744,4018492,4018668,25556504,25537372
25634745,4018492,4018668,25556891,25537372
25634678,4018492,4019221,25529330,25580949
25634763,4018492,4018411,25622466,25602731
