radius_um,all_synapses_sign,current_per_contact_pA,mean_trace_rmse_mV,point_balancer_peak_mV,spatial_balancer_peak_mV
0.1,-1,0,4.799833302576434e-13,0.0,0.0
0.1,-1,0.05,0.026140950828721695,0.07251234224926914,0.07527532168557444
0.1,-1,0.1,0.43124930953660434,0.5425090478866033,0.7473275358396672
0.1,1,0,4.799833302576434e-13,0.0,0.0
0.1,1,0.05,0.04029074733625768,0.09507452809332655,0.10378164014114621
0.1,1,0.1,0.2314708928461988,1.8706913407323191,1.866626195741501
0.25,-1,0,9.472286414853867e-13,0.0,0.0
0.25,-1,0.05,0.0030280233433318984,0.029328244748840594,0.030148087781881053
0.25,-1,0.1,0.0169675049252693,0.06256320016991436,0.06277994353980272
0.25,1,0,9.472286414853867e-13,0.0,0.0
0.25,1,0.05,0.003460363695410463,0.03233951413539963,0.03304846833552428
0.25,1,0.1,0.04902941623322931,0.28645400497170376,0.31462574729561354
0.5,-1,0,3.051326406753192e-13,0.0,0.0
0.5,-1,0.05,0.0007929174460916753,0.014715873154712445,0.014949352253406122
0.5,-1,0.1,0.0017002789630026444,0.030235660179796713,0.03051721284680283
0.5,1,0,3.051326406753192e-13,0.0,0.0
0.5,1,0.05,0.0008810621496328869,0.015493339577541277,0.01571480613256478
0.5,1,0.1,0.00233357078052388,0.034173215747598074,0.034311914447720596
