time_ms,ANN Q1-4,ANN Q1Q2,ANN Q3Q4,bridge,balancer,stimulated compartment
0.0,0.0,0.0,0.0,0.0,0.0,0.0
0.5,0.0,0.0,0.0,0.0,0.0,0.0
1.0,0.0,0.0,0.0,0.0,0.0,0.0
1.5,0.0,0.0,0.0,0.0,0.0,0.0
2.0,0.0,0.0,0.0,0.0,0.0,0.0
2.5,0.0,0.0,0.0,0.0,0.0,0.0
3.0,0.0,0.0,0.0,0.0,0.0,0.0
3.5,0.0,0.0,0.0,0.0,0.0,0.0
4.0,0.0,0.0,0.0,0.0,0.0,0.0
4.5,0.0,0.0,0.0,0.0,0.0,0.0
5.0,0.0,0.0,0.0,0.0,0.0,0.0
5.5,0.0,0.0,0.0,0.0,0.0,0.0
6.0,0.0,0.0,0.0,0.0,0.0,0.0
6.5,0.0,0.0,0.0,0.0,0.0,0.0
7.0,0.0,0.0,0.0,0.0,0.0,0.0
7.5,0.0,0.0,0.0,0.0,0.0,0.0
8.0,0.0,0.0,0.0,0.0,0.0,0.0
8.5,0.0,0.0,0.0,0.0,0.0,0.0
9.0,0.0,0.0,0.0,0.0,0.0,0.0
9.5,0.0,0.0,0.0,0.0,0.0,0.0
10.0,0.0,0.0,0.0,0.0,0.0,0.0
10.5,0.0,0.0,0.0,0.0,0.0,0.0
11.0,0.0,0.0,0.0,0.0,0.0,0.0
11.5,0.0,0.0,0.0,0.0,0.0,0.0
12.0,0.0,0.0,0.0,0.0,0.0,0.0
12.5,0.0,0.0,0.0,0.0,0.0,0.0
13.0,0.0,0.0,0.0,0.0,0.0,0.0
13.5,0.0,0.0,0.0,0.0,0.0,0.0
14.0,0.0,0.0,0.0,0.0,0.0,0.0
14.5,0.0,0.0,0.0,0.0,0.0,0.0
15.0,0.0,0.0,0.0,0.0,0.0,0.0
15.5,0.0,0.0,0.0,0.0,0.0,0.0
16.0,0.0,0.0,0.0,0.0,0.0,0.0
16.5,0.0,0.0,0.0,0.0,0.0,0.0
17.0,0.0,0.0,0.0,0.0,0.0,0.0
17.5,0.0,0.0,0.0,0.0,0.0,0.0
18.0,0.0,0.0,0.0,0.0,0.0,0.0
18.5,0.0,0.0,0.0,0.0,0.0,0.0
19.0,0.0,0.0,0.0,0.0,0.0,0.0
19.5,0.0,0.0,0.0,0.0,0.0,0.0
20.0,0.0,0.0,0.0,0.0,0.0,0.0
20.5,0.013362103483724387,0.0,0.0,0.0,0.0,0.2864389413854154
21.0,0.02644073118561045,1.1399016727368247e-06,2.9971629115051324e-06,2.292839178949526e-05,8.185475253854293e-05,0.38129448137213257
21.5,0.03922106490363867,4.395376773353675e-06,1.3093607462776019e-05,9.346364474435392e-05,0.00022850674803622144,0.44067874979026167
22.0,0.051708421861266736,1.0352614584899433e-05,3.412783716380677e-05,0.0002316716446716151,0.00042929394348124774,0.4853841524903024
22.5,0.06390998448495812,1.934569038068107e-05,6.92448601180103e-05,0.00045266850015327685,0.0006778490908791371,0.5212133694068921
23.0,0.07583305340299357,3.157014756627558e-05,0.00012085683350021502,0.0007673561906055106,0.0009697598995584108,0.5508036601963228
23.5,0.0874847981067264,4.714334559350373e-05,0.00019071785863093667,0.0011832159035900602,0.0013016362434435573,0.5757631614433081
24.0,0.09887222402616835,6.613592142798962e-05,0.00028002327053253275,0.0017050026035443614,0.0016706971436205793,0.5972092104176847
24.5,0.11000217261235809,8.858944787652766e-05,0.00038950739293594315,0.0023353247376010056,0.0020745579730393343,0.615957565878185
25.0,0.12088132439906328,0.00011452697796095037,0.0005195319476016693,0.0030751182577368353,0.0025111076051428345,0.6326153115872228
25.5,0.13151620087586333,0.00014395953141015038,0.0006701628369313581,0.003924029536876441,0.0029784322676987556,0.6476381421959311
26.0,0.1419131653418128,0.00017689011514880254,0.0008412351138647985,0.004880722049421757,0.003474766382658564,0.6613698273052782
26.5,0.15207842336904479,0.0002133162049413185,0.0010324069086827673,0.005943120328180572,0.003998460078849498,0.6740706863690924
27.0,0.1620180233320614,0.0002532312617373652,0.001243203515877538,0.007108602889089484,0.004547957398463285,0.6859385353500624
27.5,0.17173785725333612,0.0002966256463138495,0.0014730529886148429,0.00837415398176167,0.005121781493660048,0.6971242331900132
28.0,0.18124366207130202,0.0003434871641731352,0.0017213145688657202,0.009736482343072932,0.005718524430719994,0.7077432761705795
28.5,0.1905410213487858,0.0003938013882538351,0.0019873011755122127,0.011192113656601296,0.006336840038927904,0.7178844722470484
29.0,0.19963536739140894,0.0004475518524885181,0.0022702970286020527,0.012737462160962767,0.006975438770170404,0.7276164465479791
29.5,0.20853198372201404,0.0005047201740168926,0.0025695713339066854,0.014368885793258521,0.007633083883445262,0.736992530423184
30.0,0.21723600784878738,0.0005652861392016805,0.0028843888038404793,0.016082728379592362,0.00830858850004779,0.7460544425619586
30.5,0.22575243426494537,0.0006292277741342602,0.0032140176565367174,0.017875351669424302,0.009000813229739621,0.7548350654480609
31.0,0.23408611762257928,0.0006965214112044596,0.003557735617605009,0.019743159430765392,0.009708664171326188,0.7633605429270195
31.5,0.24224177603003327,0.0007671417576690779,0.003914834349244003,0.021682615356775334,0.010431091159705336,0.7716518673774433
32.0,0.25022399442958493,0.0008410619687540155,0.004284622647920017,0.02369025616140058,0.011167086176934755,0.7797260825006607
32.5,0.25803722801938306,0.0009182537258553117,0.004666428683020764,0.025762700945104803,0.011915681874828266,0.7875971961627247
33.0,0.2656858056901741,0.0009986873193346371,0.005059601492788829,0.027896657676915532,0.012675950176175217,0.7952768741893874
33.5,0.2731739334531244,0.0010823317348895665,0.005463511908482661,0.030088927453778332,0.013447000934351269,0.802774968439536
34.0,0.2805056978399919,0.0011691547422953547,0.00587755304130167,0.03233640705256339,0.01422798063918691,0.8100999193307047
34.5,0.28768506926104903,0.0012591229853207771,0.006301140437553179,0.0346360901758594,0.015018071162049115,0.8172590631294018
35.0,0.2947159053095879,0.0013522020717265638,0.0067337119844612815,0.036985067703335754,0.015816488536218497,0.8242588669121657
35.5,0.30160195400463674,0.0014483566624063882,0.007174727630767541,0.03938052719068393,0.01662248177050682,0.8311051085302458
36.0,0.3083468569657795,0.0015475505588947473,0.0076236689718935935,0.04181975180375955,0.01743533169511785,0.8378030147106639
36.5,0.31495415251578057,0.0016497467886251202,0.008080038738142002,0.04430011883320685,0.018254349839311873,0.8443573672561921
37.0,0.32142727870815657,0.001754907687466202,0.008543360215566991,0.046819097901925885,0.01907887734068617,0.8507725849104105
37.5,0.32776957627797154,0.0018629949791896384,0.009013176622238555,0.049374248952168284,0.019908283885958413,0.8570527866402281
38.0,0.33398429151501774,0.0019739698516288914,0.009489050457240694,0.051963220079198166,0.020741966683115717,0.8632018407136122
38.5,0.3400745790592386,0.0020877930293764875,0.00997056283556008,0.054583745263055504,0.021579349464719462,0.8692234029072777
39.0,0.3460435046187726,0.0022044248429378124,0.010457312818776217,0.057233642038021774,0.0224198815220648,0.875120946386811
39.5,0.35189404761141035,0.0023238252943160306,0.010948916748952561,0.0599108091301337,0.023263036769800658,0.8808977851993118
40.0,0.3576291037305516,0.0024459541190467262,0.011445007591189412,0.06261322408592217,0.024108312840530628,0.8865570928601364
40.5,0.34988938395325814,0.002570770844734705,0.011945234288806183,0.06533894090999857,0.02495523020884215,0.6056629757806323
41.0,0.3423240366961777,0.0026971006687478865,0.012446275277353386,0.06806325475465795,0.025722649716754066,0.5162447018592503
41.5,0.33494984009396866,0.002823932230989952,0.012943723664142736,0.07075978978382591,0.02642663112703779,0.462189980732742
42.0,0.3277639947378987,0.002950641514417521,0.013433449893042829,0.07340683345684759,0.027077175140197213,0.42270781245266886
42.5,0.32076181419807986,0.003076855189372953,0.013912029032643951,0.07598767029760987,0.02768013015462033,0.39199783261540966
43.0,0.31393843638695684,0.0032023376986717107,0.014376779079215252,0.07848984651133861,0.028239462762492267,0.36742534757067036
43.5,0.30728906780457377,0.0033269312999345078,0.014825685684381255,0.08090437716380129,0.028758163580419025,0.3473848018436847
44.0,0.30080901592381276,0.003450524830338719,0.015257302625882914,0.08322505207557139,0.029238646857449358,0.33076137950921247
44.5,0.2944936898355279,0.003573036189722573,0.0156706539205393,0.08544785644205824,0.029682955763722985,0.3167417612991361
45.0,0.2883385984372887,0.0036944018907139916,0.016065145324382506,0.08757049693284186,0.030092880792731737,0.3047212171325039
45.5,0.2823393500529781,0.003814570638627968,0.01644048746254639,0.08959201866081391,0.03047003315925809,0.29424632276027696
46.0,0.2764916531756372,0.003933499359732535,0.016796630753686405,0.09151249815096445,0.030815892184617905,0.28497550038984565
46.5,0.27079131763053177,0.004051150757014836,0.01713371134968621,0.09333279881742368,0.031131836572768922,0.27665054889327184
47.0,0.2652342556633633,0.004167491823790886,0.017452006885288467,0.09505437728797173,0.03141916532097238,0.2690757019970329
47.5,0.2598164826825492,0.004282492953985145,0.017751900692242226,0.09667913075174871,0.03167911183238038,0.26210208615050684
48.0,0.2545341175394502,0.004396127418623593,0.01803385315417547,0.09820927718577951,0.031912853534044675,0.2556161299545365
48.5,0.24938338232411264,0.00450837106191384,0.01829837898497446,0.09964726178722157,0.03212151851744067,0.24953089310855686
49.0,0.24436060170567944,0.004619202124451639,0.018546029357565812,0.10099568419398847,0.03230619020930267,0.24377956375431245
49.5,0.23946220187168218,0.004728601136100433,0.018777377963570485,0.10225724212902043,0.03246791074374061,0.23831057190851307
50.0,0.2346847091296092,0.004836550843619491,0.018993010231755484,0.10343468797375831,0.032607683481673144,0.23308391053086794
50.5,0.2300247482343118,0.004943036152497747,0.01919351506678387,0.10453079548804169,0.032726474972896095,0.22806836101898476
51.0,0.22547904050021528,0.005048044071517399,0.019379478586378777,0.10554833447039284,0.032825216555156043,0.22323939740183968
51.5,0.22104440175053383,0.005151563654185475,0.0195514794342834,0.10649005161658348,0.032904805717165184,0.21857760077765115
52.0,0.2167177401482505,0.005253585934557286,0.019710085329363743,0.10735865620525918,0.03296610730764541,0.21406745801119675
52.5,0.21249605394635912,0.005354103856938196,0.019855850579589277,0.10815680953434346,0.033009954642840136,0.2096964502791625
53.0,0.20837642918821395,0.005453112200016465,0.019989314345397427,0.10888711726547395,0.03303715054547736,0.2054543605803713
53.5,0.20435603738296976,0.005550607496493586,0.020110999482040204,0.10955212401793918,0.03304846833552428,0.20133274689869576
54.0,0.20043213317607425,0.005646587949461545,0.020221411826715482,0.11015430969844181,0.033044652784954845,0.19732454085523865
54.5,0.19660205203055067,0.005741053346770128,0.02032103982518549,0.11069608716661641,0.03302642104361982,0.1934237415448536
55.0,0.1928632079313155,0.005834004974520924,0.020410354415542033,0.11117980092511881,0.0329944635401309,0.1896251816570783
55.5,0.18921309112191673,0.005925445530672717,0.020489809104937917,0.11160772659252179,0.032949444859758766,0.18592434855325476
56.0,0.1856492658807588,0.006015379039577522,0.020559840189417488,0.1119820709713747,0.032892004600241755,0.1823172471706945
56.5,0.1821693683420224,0.006103810768106575,0.020620867078225382,0.11230497256592509,0.032822758205806275,0.17880029479424758
57.0,0.17877110436500052,0.006190747143879713,0.020673292692783132,0.112578502436775,0.03274229777941702,0.17537024013139527
57.5,0.17545224745439653,0.0062761956759846554,0.02071750391740918,0.11280466530521013,0.03265119287317514,0.17202410094037482
58.0,0.17221063673320505,0.00636016487846491,0.02075387208422531,0.1129854008397117,0.03254999125678789,0.1687591158351501
58.5,0.16904417496907057,0.006442664196765817,0.020782753478868817,0.11312258507250506,0.032439219664091565,0.1655727069337966
59.0,0.16595082665445854,0.006523703937255705,0.020804489856870754,0.11321803190589755,0.03231938451769084,0.16246245080895522
59.5,0.16292861614053888,0.0066032951998811025,0.020819408963071585,0.11327349467738913,0.03219097263186433,0.15942605580128008
60.0,0.15997562582435057,0.006681449813969253,0.020827825048385668,0.11329066775969156,0.0320544518939676,0.1564613442151935
60.5,0.15708999438856647,0.006758180277155828,0.02083003937972308,0.11327118817734065,0.031910271924636815,0.15356623826545301
61.0,0.15426991509299026,0.006833499697388711,0.020826340740027836,0.11321663722588583,0.03175886471715664,0.15073874890925446
61.5,0.15151363411678093,0.006907421737938673,0.020817005916275055,0.11312854208297739,0.03160064525640406,0.14797696690171147
62.0,0.14881944895030264,0.006979960565333116,0.020802300173944632,0.11300837740325752,0.031436012117817866,0.14527905556765464
62.5,0.14618570683543058,0.007051130800118838,0.0207824777170035,0.11285756689097029,0.031265348046870534,0.14264324490116737
63.0,0.14361080325310108,0.007120947470352991,0.020757782132818606,0.11267748484576139,0.031089020519539323,0.14006782669487966
63.5,0.14109318045686717,0.007189425967717231,0.020728446821717008,0.11246945767835018,0.030907382284285082,0.13755115047033403
64.0,0.13863132605121256,0.0072565820061480995,0.020694695411129612,0.11223476539369456,0.030720771886054106,0.13509162003377026
64.5,0.136223771613375,0.007322431582876187,0.020656742154418473,0.11197464304000017,0.03052951417282025,0.13268769052230306
65.0,0.13386909135743905,0.0073869909417674144,0.020614792314607486,0.11169028212249106,0.030333920785182523,0.13033786583657345
65.5,0.1315659008394727,0.007450276538861422,0.020569042533322406,0.11138283198130056,0.03013429062952882,0.12804069637982324
66.0,0.12931285570250126,0.0075123050100043874,0.02051968118530699,0.11105340113318254,0.029930910335269276,0.12579477704162764
66.5,0.1271086504601344,0.007573093140476371,0.02046688871892341,0.11070305857700725,0.029724054696634316,0.12359874537856239
67.0,0.12495201731768732,0.007632657836516417,0.02041083798307147,0.11033283506321305,0.029513987099522153,0.12145127995486561
67.5,0.12284172502966353,0.0076910160986519765,0.02035169454097678,0.10994372432754113,0.029300959933870052,0.11935109881442789
68.0,0.12077657779249489,0.0077481849967426025,0.02028961697130467,0.10953668428950408,0.029085214992011776,0.11729695806181177
68.5,0.11875541417146232,0.007804181646651507,0.02022475715705793,0.10911263821612997,0.02886698385347208,0.11528765053489518
69.0,0.11677710606075026,0.007859023188461928,0.02015726056271199,0.10867247585159512,0.028646488256636758,0.11332200455550477
69.5,0.11484055767561636,0.007912726766158886,0.0200872665000345,0.10821705451340972,0.02842394045772455,0.11139888274730321
70.0,0.11294470457568609,0.007965309508700247,0.020014908383026327,0.10774720015585987,0.02819954357747505,0.10951718091243941
70.5,0.11108851271841226,0.008016788512404397,0.019940313972409782,0.10726370840143465,0.027973491935954505,0.1076758269601927
71.0,0.10927097754176511,0.008067180824585102,0.01986360561007757,0.10676734554098721,0.027745971375869465,0.10587377988218512
71.5,0.10749112307524798,0.008116503428367292,0.019784900443902763,0.10625884950338794,0.027517159574766248,0.10411002876976688
72.0,0.1057480010783602,0.008164773228620505,0.01970431064329665,0.10573893079543366,0.0272872263464829,0.10238359186998693
72.5,0.10404069020565472,0.008212007038949818,0.019621943605887728,0.10520827341277858,0.027056333932208503,0.10069351567718396
73.0,0.1023682951975645,0.008258221569686718,0.01953790215568123,0.10466753572264899,0.0268246372814941,0.09903887405772097
73.5,0.10072994609619669,0.00830343341682528,0.019452284733045493,0.10411735131909844,0.026592284323548213,0.0974187674057731
74.0,0.0991247974853175,0.008347659051851522,0.019365185576857933,0.10355832985155256,0.026359416229139725,0.0958323218283712
74.5,0.09755202775377607,0.008390914812416318,0.019276694899130507,0.10299105782738291,0.026126167663420477,0.09427868835815104
75.0,0.09601083838163697,0.008433216893804713,0.019186899052422202,0.1024160993892381,0.025892667029969983,0.09275704219243662
75.5,0.09450045324831484,0.00847458134115667,0.01909588069033354,0.1018339970678484,0.02565903670635497,0.09126658195744902
76.0,0.09302011796202608,0.008515024042396586,0.019003718921366538,0.10124527251100662,0.025425393271487105,0.08980652899654241
76.5,0.09156909920989388,0.00855456072183091,0.01891048945642227,0.10065042718941454,0.025191847725053035,0.08837612668147876
77.0,0.09014668412806345,0.008593206934375265,0.018816264750196675,0.10004994308007001,0.02495850569928212,0.08697463974582627
77.5,0.08875217969120419,0.008630978060374358,0.01872111413672543,0.0994442833278548,0.024725467663308524,0.08560135363964255
78.0,0.08738491212079533,0.008667889300979783,0.01862510395931798,0.09883389288596828,0.02449282912037618,0.08425557390465224
78.5,0.08604422631160982,0.008703955674052586,0.018528297695111214,0.09821919913583779,0.024260680798126846,0.08293662556918446
79.0,0.0847294852758305,0.00873919201055911,0.01843075607446402,0.09760061248712003,0.024029108832203844,0.0816438525621751
79.5,0.08344006960424893,0.008773612951430247,0.018332537195404577,0.09697852695839376,0.023798194943396415,0.08037661714557405
80.0,0.08217537694401525,0.008807232944855638,0.018233696633334164,0.09635332073912857,0.023568016608542252,0.07913429936453119
80.5,0.0809348214924243,0.008840066243985985,0.018134287546182272,0.0957253567334986,0.023338647225398693,0.07791629651476584
81.0,0.07971783350623844,0.008872126905017859,0.018034360775200417,0.09509498308659718,0.023110156271686215,0.07672202262654662
81.5,0.07852385882606401,0.00890342878563675,0.017933964941574003,0.09446253369359092,0.022882609458501093,0.0755509079647348
82.0,0.07735235841531268,0.008933985543795382,0.017833146539024528,0.09382832869233944,0.022656068878287715,0.07440239854436632
82.5,0.07620280791329442,0.008963810636805455,0.017731950022567177,0.09319267493999117,0.022430593147554807,0.07327595566126821
83.0,0.07507469720200236,0.008992917320722178,0.017630417893582186,0.09255586647405237,0.02220623754451362,0.07217105543722147
83.5,0.07396752998616367,0.009021318650001971,0.017528590781351907,0.09191818495841163,0.021983054141810423,0.07108718837920285
84.0,0.0728808233861444,0.009049027477414802,0.017426507521209257,0.09127990011478948,0.021761091934520013,0.0700238589522559
84.5,0.07181410754330832,0.009076056454193541,0.017324205229437246,0.09064127014006858,0.021540396963561196,0.06898058516555303
85.0,0.07076692523744291,0.009102418030403755,0.017221719375053585,0.09000254210994724,0.021321012434690128,0.06795689817122988
85.5,0.06973883151587792,0.009128124455518109,0.017119083848609003,0.08936395236934606,0.02110297883322225,0.06695234187558576
86.0,0.06872939333393238,0.009153187779180534,0.017016331028122385,0.08872572690998484,0.020886334034628345,0.06596647256225677
86.5,0.0677381892063392,0.009177619852146046,0.0169134918422711,0.08808808173553472,0.020671113411145702,0.06499885852698528
87.0,0.066764808869306,0.009201432327382852,0.016810595830949814,0.08745122321473849,0.020457349934540518,0.06404907972361563
87.5,0.06580885295288194,0.009224636661324202,0.016707671203306584,0.08681534842288065,0.020245074275153253,0.06311672742096504
88.0,0.06486993266331091,0.009247244115258044,0.01660474489336049,0.08618064547197665,0.020034314897354216,0.062201403870224554
88.5,0.06394766947506099,0.009269265756843252,0.016501842613300906,0.08554729383004017,0.019825098151532494,0.06130272198256122
89.0,0.0630416948322303,0.009290712461741794,0.016398988904564166,0.0849154646297767,0.019617448362737194,0.06042030501659845
89.5,0.062151649859038,0.009311594915356904,0.016296207186779862,0.08428532096704044,0.01941138791608608,0.05955378627546578
90.0,0.06127718507911912,0.009331923614667675,0.016193519804674854,0.08365701818938168,0.019206937339052748,0.05870280881311744
90.5,0.06041796014335005,0.009351708870151321,0.016090948073019574,0.08303070417500179,0.019004115380739903,0.057867025149630234
91.0,0.05957364356594046,0.009370960807784606,0.015988512319697917,0.08240651960242336,0.01880293908824262,0.05704609699519735
91.5,0.05874391246853521,0.009389689371116604,0.015886231926978387,0.08178459821117326,0.01860342388020205,0.05623969498254876
92.0,0.057928452332078745,0.00940790432340532,0.01578412537106118,0.08116506705376723,0.018405583617646697,0.05544749840753314
92.5,0.057126956756200685,0.009425615249811187,0.015682210259972892,0.0805480467392763,0.018209430672215043,0.054669194977607465
93.0,0.05633912722589059,0.009442831559640867,0.015580503369877213,0.07993365166874535,0.018014975991850344,0.05390448056798587
93.5,0.055564672885235734,0.00945956248863519,0.01547902067986767,0.07932199026272752,0.017822229164055178,0.05315305898521145
94.0,0.05480331031800353,0.009475817101295378,0.01537777740530538,0.07871316518118811,0.01763119847679053,0.05241464173791667
94.5,0.05405476333485668,0.009491604293242185,0.01527678802976241,0.07810727353602495,0.017441890977101304,0.05168894781455111
95.0,0.05331876276699635,0.00950693279360278,0.01517606633562866,0.07750440709644398,0.017254312527547427,0.05097570346785785
95.5,0.05259504626603387,0.009521811167420667,0.015075625433438032,0.07690465248742136,0.017068467860516977,0.05027464200589011
96.0,0.051883358109899275,0.009536247818084084,0.01497547778996718,0.07630809138147641,0.01688436063049539,0.04958550358936257
96.5,0.05118344901459941,0.009550250989768765,0.014875635255157955,0.0757148006839719,0.016701993464361974,0.04890803503514322
97.0,0.050495075951645325,0.009563828769891113,0.014776109087912659,0.07512485271215233,0.016521368009783006,0.048241989625692996
97.5,0.04981800197097376,0.009576989091568188,0.014676909980809076,0.07453831536812368,0.016342484981767883,0.047587126924269516
98.0,0.04915199602919301,0.009589739736081031,0.014578048083780442,0.07395525230597134,0.016165344207452935,0.04694321259571557
98.5,0.04849683282298888,0.009602088335338224,0.01447953302680348,0.07337572309320768,0.015989944669175155,0.04631001823265978
99.0,0.04785229262753164,0.009614042374336709,0.01438137394163604,0.07279978336673347,0.015816284545895953,0.045687321186961095
99.5,0.047218161139729466,0.00962560919361713,0.014283579482644011,0.07222748498349252,0.015644361253033135,0.04507490440623507
100.0,0.046594229326179196,0.009636795991711166,0.014186157846755615,0.07165887616599251,0.015474171480757287,0.04447255627530428
100.5,0.045980293275669416,0.00964760982757851,0.014089116792579648,0.07109400164285985,0.015305711230806797,0.04388007046242098
101.0,0.04537615405609566,0.009658057623031284,0.01399246365872255,0.07053290278459101,0.015138975851873961,0.04329724577011337
101.5,0.04478161757565196,0.009668146165143941,0.013896205381338027,0.06997561773465728,0.01497396007361286,0.04272388599051376
102.0,0.04419649444816675,0.00967788210864676,0.013800348510941257,0.06942218153611544,0.01481065803931788,0.04215979976502925
102.5,0.04362059986245589,0.00968727197830124,0.013704899228518598,0.06887262625387144,0.014649063337320193,0.0416048004482209
103.0,0.043053753455569006,0.009696322171255873,0.013609863360962279,0.0683269810927397,0.01448916903114787,0.04105870597576163
103.5,0.04249577918980944,0.009705038959380814,0.013515246395858532,0.06778527251143622,0.014330967688493674,0.040521338736347084
104.0,0.04194650523341191,0.009713428491580198,0.01342105349565616,0.06724752433263886,0.014174451409033194,0.03999252544743714
104.5,0.04140576384476524,0.009721496796080894,0.013327289511241682,0.06671375784924435,0.014019611851134465,0.03947209703470984
105.0,0.04087339126007146,0.009729249782696636,0.013233958994946005,0.066183991926947,0.013866440257498785,0.03895988851511428
105.5,0.04034922758433565,0.009736693245066591,0.013141066213006447,0.06565824310326042,0.01371492747977118,0.03845573888341024
106.0,0.03983311668558429,0.009743832862867454,0.013048615157507118,0.06513652568309924,0.013565064002157507,0.03795949100208805
106.5,0.03932490609221321,0.009750674203998316,0.01295660955781954,0.06461885183103465,0.013416839964084092,0.03747099149456454
107.0,0.03882444689336886,0.009757222726737638,0.012865052891564616,0.06410523166033331,0.013270245181934424,0.03699009064155402
107.5,0.03833159364227024,0.009763483781871718,0.012773948395116108,0.06359567331888599,0.0131252691698963,0.03651664228051716
108.0,0.03784620426238127,0.00976946261479412,0.01268329907366489,0.06309018307212876,0.012981901159951702,0.03605050370809234
108.5,0.03736813995634616,0.009775164367575613,0.012593107710862588,0.0625887653830564,0.012840130121040506,0.03559153558541842
109.0,0.036897265117603446,0.00978059408100423,0.012503376878062295,0.06209142298942408,0.012699944777428116,0.035139601846260395
109.5,0.03643344724459664,0.009785756696595158,0.012414108943173342,0.06159815697823082,0.012561333626306043,0.034694569607851736
110.0,0.035976556857502014,0.009790657058570146,0.01232530607914654,0.06110896685757462,0.012424284954653426,0.03425630908436871
110.5,0.03552646741739671,0.009795299915806268,0.012236970272105348,0.060623850625966855,0.012288786855386641,0.03382469350295882
111.0,0.03508305524779255,0.009799689923753881,0.012149103329138034,0.06014280483918996,0.01215482724282303,0.033399599022242515
111.5,0.03464619945846338,0.009803831646323612,0.01206170688576512,0.05966582467478069,0.01202239386748403,0.032980904653213204
112.0,0.034215781871495925,0.009807729557742435,0.011974782413095866,0.05919290399421725,0.011891474330262015,0.03256849218246325
112.5,0.033791686949496365,0.009811388044378694,0.011888331224686903,0.05872403540288773,0.011762056095974426,0.03216224609766295
113.0,0.03337380172588682,0.00981481140653617,0.011802354483115675,0.05825921030791293,0.01163412650632776,0.03176205351522509
113.5,0.03296201573722842,0.009818003860217235,0.0117168532062807,0.05779841897389586,0.011507672792313453,0.03136780411008706
114.0,0.03255622095750873,0.009820969538855142,0.011631828273440295,0.05734165057666681,0.011382682086056656,0.030979390047547573
114.5,0.03215631173433432,0.009823712495015657,0.011547280431000763,0.05688889325509139,0.011259141432138457,0.030596705917093157
115.0,0.03176218472697016,0.009826236702068086,0.011463210298064675,0.056440134161005844,0.011137037798411098,0.03021964866815521
115.5,0.03137373884616987,0.009828546055825962,0.011379618371749462,0.05599535950734305,0.011016358086325274,0.029848117547738112
116.0,0.0309908751957425,0.00983064437615755,0.01129650503228599,0.055554554614509324,0.01089708914078784,0.029482014039862055
116.5,0.03061349701580306,0.009832535408566394,0.011213870547906476,0.05511770395507114,0.010779217759567616,0.029121241806764123
117.0,0.030241509627655743,0.009834222825742157,0.011131715079530684,0.054684791196808316,0.010662730702266325,0.028765706631805086
117.5,0.029874820380260327,0.00983571022908204,0.011050038685258893,0.05425579924418885,0.010547614698871229,0.028415316364030132
118.0,0.029513338598234063,0.009837001150183041,0.010968841324679927,0.053830710278318455,0.010433856457905276,0.028069980864332544
118.5,0.029156975531342128,0.009838099052305356,0.010888122863002041,0.05340950579541606,0.01032144267419014,0.027729611953171612
119.0,0.028805644305432095,0.009839007331807245,0.010807883075014112,0.0529921666438654,0.010210360036236961,0.02739412335979894
119.5,0.028459259874768515,0.009839729319551647,0.010728121648884493,0.052578673059890516,0.010100595233278995,0.02706343067294543
120.0,0.028117738975725375,0.00984026828228498,0.010648838189804243,0.052169004701901826,0.009992134961960044,0.02673745129292652
120.5,0.027781000081795505,0.009840627423988333,0.01057003222348145,0.0517631406835577,0.00988496593269186,0.02641610438512098
121.0,0.027448963359877294,0.009840809887201547,0.010491703199492912,0.051361059605585305,0.00977907487569339,0.026099310834783188
121.5,0.027121550627800115,0.009840818754320423,0.010413850494499246,0.05096273958640262,0.009674448546724187,0.02578699320314797
122.0,0.026798685313051202,0.009840657048867546,0.010336473415329199,0.05056815829158245,0.00957107373252394,0.025479075684788303
122.5,0.026480292412667923,0.009840327736737013,0.010259571201938714,0.05017729296219791,0.009468937255969584,0.025175484066189247
123.0,0.02616629845426043,0.009839833727413493,0.010183143030250096,0.04979012044208743,0.009368025980961084,0.024876145685500454
123.5,0.025856631458130615,0.009839177875165988,0.010107188014876268,0.04940661720407606,0.009268326817046596,0.024580989393432128
124.0,0.025551220900454665,0.009838362980216696,0.010031705211735102,0.04902675937518904,0.009169826723797308,0.024289945515260015
124.5,0.025249997677497242,0.009837391789885385,0.009956693620558382,0.04865052276089163,0.009072512714941862,0.024002945813905645
125.0,0.02495289407082642,0.009836266999709624,0.009882152187299943,0.04827788286838911,0.00897637186226999,0.02371992345405998
125.5,0.024659843713499444,0.00983499125454132,0.009808079806447158,0.047908814929018655,0.008881391299314567,0.02344081296731919
126.0,0.02437078155719035,0.009833567149619941,0.009734475323239967,0.04754329391976479,0.008787558224820989,0.023165550218300978
126.5,0.024085643840231232,0.009831997231622808,0.009661337535801302,0.04718129458392814,0.008694859906012471,0.02289407237171388
127.0,0.02380436805654001,0.009830283999692872,0.009588665197182622,0.046822791450976925,0.008603283681659505,0.022626317860349417
127.5,0.023526892925408188,0.009828429906444395,0.009516457017328237,0.04646775885560932,0.008512816964961503,0.022362226353970376
128.0,0.023253158362123078,0.009826437358946862,0.009444711664961756,0.04611617095605396,0.008423447246248243,0.022101738729067958
128.5,0.022983105449399695,0.009824308719687596,0.009373427769397969,0.045768001751634944,0.008335162095508589,0.021844797039461957
129.0,0.022716676409598145,0.00982204630751343,0.009302603922283386,0.04542322509962685,0.008247949164753547,0.02159134448771883
129.5,0.022453814577703388,0.009819652398551837,0.009232238679268279,0.0450818147314245,0.008161796190220604,0.02134132539736317
130.0,0.022194464375044597,0.009817129227111882,0.009162330561613296,0.04474374426805114,0.008076690994425912,0.021094685185859125
130.5,0.02193857128373237,0.00981447898656542,0.009092878057733225,0.04440898723502832,0.007992621488070747,0.020851370338338664
131.0,0.021686081821792477,0.009811703830208903,0.009023879624680691,0.044077517076629574,0.007909575671808331,0.020611328382054338
131.5,0.02143694351897557,0.009808805872106183,0.00895533368957219,0.043749307169539495,0.007827541637877003,0.020374507861535364
132.0,0.021191104893222974,0.009805787187912647,0.008887238650958952,0.04342433083593914,0.007746507571605378,0.020140858314425924
132.5,0.020948515427769175,0.009802649815681125,0.008819592880144944,0.0431025613560378,0.007666461752795035,0.01991033024798572
133.0,0.02070912554886229,0.009799395756649874,0.008752394722454157,0.042783971980070674,0.007587392556985982,0.019682875116232578
133.5,0.02047288660408429,0.009796026976013037,0.008685642498449355,0.042468535939781185,0.007509288456610019,0.019458445297708744
134.0,0.020239750841253516,0.009792545403673919,0.008619334505104305,0.04215622645940627,0.0074321380220368815,0.019236994073852157
134.5,0.020009671387892246,0.009788952934981457,0.00855346901693139,0.041847016766182105,0.007355929922517884,0.01901847560795497
135.0,0.01978260223124285,0.009785251431450181,0.008488044287066485,0.04154088010038745,0.007280652927031621,0.018802844924691677
135.5,0.019558498198816526,0.00978144272146409,0.008423058548312877,0.04123778972494082,0.007206295905036084,0.018590057890200493
136.0,0.019337314939458953,0.009777528600964702,0.008358510014145887,0.04093771893456754,0.007132847827131403,0.018380071192701755
136.5,0.019119008904917894,0.009773510834123651,0.008294396879679892,0.040640641064552036,0.007060297765637263,0.018172842323636744
137.0,0.018903537331898066,0.009769391154000204,0.008230717322599198,0.04034652949909013,0.006988634895088902,0.017968329559312986
137.5,0.018690858224589144,0.009765171263183908,0.008167469504054337,0.040055357679255756,0.006917848492655421,0.01776649194304001
138.0,0.018480930337653082,0.009760852834422807,0.008104651569525178,0.03976709911059594,0.006847927938484027,0.017567289267741818
138.5,0.018273713159657534,0.009756437511237476,0.008042261649652218,0.03948172737036749,0.006778862715973667,0.017370682059032055
139.0,0.018069166896942428,0.009751926908521193,0.0079802978610373,0.03919921611442818,0.006710642411981404,0.01717663155873852
139.5,0.017867252457907035,0.00974732261312656,0.007918758307015144,0.038919539083795265,0.006643256716964722,0.016985099708863118
140.0,0.017667931437705637,0.00974262618443888,0.007857641078396715,0.03864267011088317,0.006576695425062875,0.01679604913596603
140.5,0.01747116610333981,0.009737839154936551,0.0077969442541856665,0.038368583125431996,0.006510948434120205,0.016609443135960317
141.0,0.017276919379135964,0.009732963030738812,0.0077366659022689525,0.038097252160138484,0.006446005745654332,0.01642524565930582
141.5,0.01708515483259709,0.00972799929214109,0.0076768040800826035,0.03782865135599993,0.006381857464771904,0.016243421296590923
142.0,0.01689583666061809,0.009722949394138213,0.0076173568352537035,0.037562754967381914,0.006318493800034588,0.016063935264490355
142.5,0.0167089296760539,0.009717814766935833,0.007558322206219488,0.03729953736681989,0.006255905063277799,0.0158867533920886
143.0,0.016524399294630846,0.00971259681645023,0.007499698222824535,0.03703897304956449,0.006194081669384614,0.015711842107558324
143.5,0.016342211522190953,0.00970729692479685,0.007441482906896854,0.03678103663788012,0.0061330141360172175,0.015539168425183398
144.0,0.016162332942260046,0.009701916450767751,0.007383674272803765,0.036525702885105954,0.006072693083308089,0.015368699932716959
144.5,0.015984730703930267,0.009696456730298288,0.007326270327988329,0.036272946679488306,0.006013109233513136,0.015200404779064418
145.0,0.01580937251004813,0.009690919076923219,0.007269269073487112,0.03602274304779284,0.005954253410628796,0.015034251662282526
145.5,0.015636226605699417,0.009685304782222532,0.007212668504430051,0.035775067158704994,0.005896116539975124,0.014870209817885208
146.0,0.015465261766982576,0.009679615116257178,0.007156466610523036,0.03552989432602661,0.005838689647746763,0.014708249007447678
146.5,0.015296447290062413,0.009673851327994991,0.007100661376513972,0.03528720001167643,0.005781963860533621,0.014548339507499685
147.0,0.01512975298049622,0.009668014645726971,0.007045250782642913,0.035046959828502026,0.005725930404813035,0.014390452098700605
147.5,0.014965149142824642,0.009662106277474188,0.006990232805076875,0.03480914954291035,0.0056705806064150715,0.01423455805528758
148.0,0.014802606570419813,0.009656127411385572,0.006935605416329946,0.034573745077323734,0.00561590588996261,0.014080629134789413
148.5,0.014642096535583689,0.009650079216126666,0.006881366585669255,0.03434072251246827,0.0055618977782877456,0.013928637567998229
149.0,0.014483590779889378,0.009643962841259682,0.006827514279507301,0.03411005808950101,0.005508547891826004,0.013778556049192316
149.5,0.014327061504758855,0.009637779417615046,0.006774046461781209,0.033881728211982064,0.005455847947989784,0.013630357726602317
150.0,0.014172481362270364,0.009631530057654542,0.006720961094319352,0.033655709447697996,0.005403789760522408,0.013484016193114484
150.5,0.014019823446189192,0.009625215855826371,0.00666825613719587,0.033431978530342014,0.005352365238834065,0.01333950547720405
151.0,0.01386906128321556,0.009618837888912237,0.006615929549073474,0.033210512361056904,0.005301566387320937,0.013196800034092201
151.5,0.013720168824443681,0.009612397216366673,0.006563979287535034,0.032991288009845916,0.0052513853046686695,0.01305587473712063
152.0,0.013573120437026054,0.009605894880648787,0.0065124033094043085,0.032774282716856985,0.005201814183141356,0.0129167048693375
152.5,0.013427890896037433,0.00959933190754664,0.006461199571056247,0.032559473893545424,0.005152845307857154,0.01277926611528877
153.0,0.013284455376532967,0.009592709306494349,0.006410366028717218,0.03234683912371979,0.0051044710560515395,0.012643534553009294
153.5,0.013142789445795059,0.009586028070882189,0.00635990063875557,0.0321363561644759,0.0050566838963292515,0.0125094866462083
154.0,0.013002869055763987,0.009579289178359793,0.006309801357962831,0.03192800294702335,0.005009476387905881,0.01237709923664352
154.5,0.012864670535647034,0.00957249359113262,0.006260066143825874,0.031721757577409124,0.0049628411798399935,0.012246349536679007
155.0,0.012728170584701465,0.009565642256251885,0.006210692954790425,0.03151759833714238,0.004916771010256731,0.012117215122021475
155.5,0.01259334626518645,0.009558736105898101,0.006161679750516164,0.031315503683724696,0.004871258705563655,0.011989673924630354
156.0,0.012460174995479498,0.009551776057658298,0.0061130244921237175,0.031115452251089557,0.0048262971796597135,0.011863704225796587
156.5,0.012328634543352826,0.009544763014797255,0.006064725142433879,0.030917422849955044,0.0047818794331380395,0.011739284649385655
157.0,0.01219870301940542,0.00953769786652267,0.006016779666199233,0.030721394468093313,0.004737998552483351,0.01161639415524045
157.5,0.012070358870646562,0.009530581488244599,0.00596918603032851,0.030527346270520554,0.004694647709264638,0.011495012032739383
158.0,0.011943580874226773,0.009523414741829158,0.0059219422041039416,0.030335257599610657,0.004651820159323805,0.011375117894505803
158.5,0.011818348131312191,0.009516198475846739,0.005875046159391736,0.030145107975136108,0.004609509241960909,0.011256691670264309
159.0,0.011694640061098565,0.009508933525814792,0.005828495870846043,0.029956877094239165,0.0045677083791165985,0.01113971360084012
159.5,0.011572436394961168,0.00950162071443534,0.005782289316106524,0.02977054483133646,0.004526411074552327,0.01102416423229784
160.0,0.01145171717073696,0.009494260851827351,0.005736424475989788,0.029586091237959973,0.00448561091302891,0.010910024410215291
